retrieval index,City,Country Code,Latitude,Longitude,Max Temperature (F),Humidity (%),Cloudiness (%),Wind Speed(mph),Date
"kristiansund,no",Kristiansund,NO,63.1115,7.732,55.45,87.0,75.0,10.36,2022-06-23 01:13:27
"pisco,pe",Pisco,PE,-13.7,-76.2167,62.65,77.0,100.0,10.36,2022-06-23 01:13:27
"port-gentil,ga",Port-Gentil,GA,-0.7193,8.7815,72.09,79.0,100.0,12.84,2022-06-23 01:13:27
"kawalu,id",Kawalu,ID,-7.3817,108.2082,75.42,90.0,99.0,0.85,2022-06-23 01:13:27
"jipijapa,ec",Jipijapa,EC,-1.3333,-80.5833,67.5,86.0,99.0,5.55,2022-06-23 01:13:28
"tateyama,jp",Tateyama,JP,34.9833,139.8667,73.15,87.0,44.0,2.77,2022-06-23 01:13:03
"new norfolk,au",New Norfolk,AU,-42.7826,147.0587,56.91,82.0,100.0,4.0,2022-06-23 01:13:28
"bambous virieux,mu",Bambous Virieux,MU,-20.3428,57.7575,66.22,69.0,11.0,13.04,2022-06-23 01:13:29
"kodiak,us",Kodiak,US,57.79,-152.4072,65.71,52.0,0.0,6.91,2022-06-23 01:13:29
"tromso,no",Tromso,NO,69.6496,18.957,48.22,71.0,75.0,2.3,2022-06-23 01:08:35
"imphal,in",Imphal,IN,24.8167,93.95,73.31,100.0,75.0,1.14,2022-06-23 01:10:12
"voh,nc",Voh,NC,-20.9667,164.7,74.88,55.0,100.0,3.0,2022-06-23 01:10:18
"asfi,ma",Asfi,MA,32.2994,-9.2372,65.35,76.0,0.0,6.4,2022-06-23 01:13:30
"kisiwani,tz",Kisiwani,TZ,-4.1333,37.95,62.15,92.0,67.0,2.15,2022-06-23 01:13:31
"coihaique,cl",Coihaique,CL,-45.5752,-72.0662,25.41,86.0,0.0,1.14,2022-06-23 01:13:31
"penzance,gb",Penzance,GB,50.1186,-5.5371,59.61,86.0,0.0,8.46,2022-06-23 01:13:31
"price,us",Price,US,39.5994,-110.8107,81.66,13.0,40.0,16.11,2022-06-23 01:13:32
"senneterre,ca",Senneterre,CA,48.3835,-77.2328,63.66,83.0,59.0,8.7,2022-06-23 01:13:32
"atambua,id",Atambua,ID,-9.1061,124.8925,78.84,60.0,100.0,6.44,2022-06-23 01:13:33
"doha,qa",Doha,QA,25.2867,51.5333,89.49,82.0,0.0,5.75,2022-06-23 01:12:14
"aksu,cn",Aksu,CN,41.1231,80.2644,80.1,28.0,100.0,7.18,2022-06-23 01:10:46
"porto novo,cv",Porto Novo,CV,17.0197,-25.0647,77.0,93.0,69.0,11.68,2022-06-23 01:13:33
"cowra,au",Cowra,AU,-33.8333,148.6833,51.89,75.0,100.0,4.29,2022-06-23 01:13:34
"raudeberg,no",Raudeberg,NO,61.9875,5.1352,52.47,93.0,100.0,29.59,2022-06-23 01:13:34
"banjarmasin,id",Banjarmasin,ID,-3.3244,114.591,78.94,83.0,71.0,3.65,2022-06-23 01:13:34
"dakar,sn",Dakar,SN,14.6937,-17.4441,79.68,84.0,100.0,13.24,2022-06-23 01:13:27
"trelew,ar",Trelew,AR,-43.249,-65.3051,34.18,50.0,1.0,4.38,2022-06-23 01:11:34
"port arthur,us",Port Arthur,US,29.8988,-93.9288,91.42,66.0,0.0,6.91,2022-06-23 01:09:12
"saldanha,za",Saldanha,ZA,-33.0117,17.9442,59.18,91.0,3.0,5.08,2022-06-23 01:13:36
"oksfjord,no",Oksfjord,NO,70.2396,22.3479,50.18,78.0,100.0,11.65,2022-06-23 01:13:36
"yulara,au",Yulara,AU,-25.2406,130.9889,58.77,40.0,0.0,5.84,2022-06-23 01:13:36
"newburn,gb",Newburn,GB,54.9876,-1.7442,57.09,93.0,0.0,5.75,2022-06-23 01:13:36
"kefamenanu,id",Kefamenanu,ID,-9.4467,124.4781,78.03,61.0,100.0,10.47,2022-06-23 01:13:37
"inhambane,mz",Inhambane,MZ,-23.865,35.3833,69.19,70.0,100.0,9.89,2022-06-23 01:13:37
"kurchum,kz",Kurchum,KZ,48.5722,83.6542,79.9,35.0,23.0,1.34,2022-06-23 01:12:55
"kutum,sd",Kutum,SD,14.2,24.6667,80.85,19.0,24.0,9.73,2022-06-23 01:13:37
"igrim,ru",Igrim,RU,63.1906,64.4162,64.27,91.0,65.0,3.11,2022-06-23 01:11:12
"beni,cd",Beni,CD,0.5,29.4667,60.01,94.0,91.0,3.02,2022-06-23 01:13:38
"auki,sb",Auki,SB,-8.7676,160.7034,86.52,61.0,13.0,1.21,2022-06-23 01:13:38
"filadelfia,py",Filadelfia,PY,-22.35,-60.0333,58.71,86.0,98.0,11.3,2022-06-23 01:12:50
"biak,id",Biak,ID,-0.9131,122.8766,77.67,85.0,93.0,3.96,2022-06-23 01:13:39
"marathon,us",Marathon,US,44.9,-89.7668,76.53,38.0,0.0,11.5,2022-06-23 01:11:49
"teya,ru",Teya,RU,60.3778,92.6267,70.68,43.0,65.0,6.51,2022-06-23 01:13:39
"estelle,us",Estelle,US,29.8458,-90.1067,93.97,55.0,0.0,6.91,2022-06-23 01:13:40
"caravelas,br",Caravelas,BR,-17.7125,-39.2481,70.77,89.0,6.0,4.52,2022-06-23 01:13:40
"canete,cl",Canete,CL,-37.8,-73.4,46.71,95.0,100.0,4.34,2022-06-23 01:12:37
"tselinnoye,ru",Tselinnoye,RU,53.0833,85.6667,69.49,90.0,30.0,7.76,2022-06-23 01:12:43
"castro,cl",Castro,CL,-42.4721,-73.7732,37.17,93.0,0.0,4.61,2022-06-23 01:13:40
"pa sang,th",Pa Sang,TH,18.5262,98.9394,80.8,70.0,100.0,2.33,2022-06-23 01:12:31
"america dourada,br",America Dourada,BR,-11.4553,-41.4361,65.37,87.0,66.0,7.67,2022-06-23 01:13:41
"opuwo,na",Opuwo,NA,-18.0607,13.84,46.31,37.0,0.0,0.98,2022-06-23 01:13:41
"husavik,is",Husavik,IS,66.0449,-17.3389,38.95,84.0,100.0,13.94,2022-06-23 01:13:41
"chirongui,yt",Chirongui,YT,-12.9319,45.1483,78.73,63.0,0.0,21.09,2022-06-23 01:09:27
"poso,id",Poso,ID,-1.3959,120.7524,83.32,67.0,89.0,2.01,2022-06-23 01:13:42
"biltine,td",Biltine,TD,14.5333,20.9167,86.63,31.0,35.0,7.05,2022-06-23 01:12:16
"providencia,mx",Providencia,MX,28.7167,-111.5833,106.21,37.0,0.0,13.31,2022-06-23 01:13:42
"rochegda,ru",Rochegda,RU,62.8,43.25,47.19,86.0,1.0,4.29,2022-06-23 01:13:43
"jieshi,cn",Jieshi,CN,22.8134,115.8257,83.48,77.0,12.0,5.3,2022-06-23 01:10:03
"marquette,us",Marquette,US,46.5333,-87.6335,65.64,58.0,0.0,5.61,2022-06-23 01:13:44
"houma,cn",Houma,CN,35.6254,111.3627,81.57,64.0,23.0,3.29,2022-06-23 01:13:44
"kamenka,ru",Kamenka,RU,51.3223,42.7678,59.81,96.0,99.0,4.54,2022-06-23 01:13:44
"peleduy,ru",Peleduy,RU,59.6289,112.7406,68.68,51.0,80.0,4.34,2022-06-23 01:09:55
"banjar,id",Banjar,ID,-8.19,114.9675,82.71,70.0,99.0,2.39,2022-06-23 01:13:45
"zambezi,zm",Zambezi,ZM,-13.5432,23.1047,52.03,60.0,0.0,6.08,2022-06-23 01:13:45
"punta arenas,cl",Punta Arenas,CL,-53.15,-70.9167,37.51,75.0,0.0,16.11,2022-06-23 01:13:45
"kautokeino,no",Kautokeino,NO,69.0125,23.0412,45.37,74.0,100.0,21.14,2022-06-23 01:13:45
"tezu,in",Tezu,IN,27.9167,96.1667,78.49,93.0,98.0,1.1,2022-06-23 01:13:46
"stary sacz,pl",Stary Sacz,PL,49.5636,20.635,53.91,84.0,100.0,2.15,2022-06-23 01:12:25
"hasaki,jp",Hasaki,JP,35.7333,140.8333,77.4,86.0,95.0,9.91,2022-06-23 01:10:21
"puerto ayora,ec",Puerto Ayora,EC,-0.7393,-90.3518,69.55,97.0,95.0,3.0,2022-06-23 01:13:46
"carnarvon,au",Carnarvon,AU,-24.8667,113.6333,67.86,74.0,0.0,11.3,2022-06-23 01:13:47
"tuatapere,nz",Tuatapere,NZ,-46.1333,167.6833,47.84,58.0,100.0,3.71,2022-06-23 01:13:47
"leh,in",Leh,IN,34.1667,77.5833,51.69,52.0,75.0,4.52,2022-06-23 01:13:47
"mackenzie,ca",Mackenzie,CA,55.2999,-123.1698,58.62,33.0,69.0,6.53,2022-06-23 01:13:48
"bergen,de",Bergen,DE,52.8084,9.9637,62.22,87.0,15.0,3.44,2022-06-23 01:13:48
"sistranda,no",Sistranda,NO,63.7256,8.834,53.56,92.0,100.0,26.13,2022-06-23 01:13:48
"hovd,mn",Hovd,MN,48.0056,91.6419,72.09,30.0,0.0,1.48,2022-06-23 01:13:49
"wladyslawowo,pl",Wladyslawowo,PL,54.7909,18.4009,53.15,88.0,25.0,5.37,2022-06-23 01:11:09
"srednekolymsk,ru",Srednekolymsk,RU,67.45,153.6833,50.81,65.0,99.0,15.75,2022-06-23 01:13:49
"astana,kz",Astana,KZ,51.1801,71.446,66.15,59.0,0.0,8.95,2022-06-23 01:13:49
"bac lieu,vn",Bac Lieu,VN,9.285,105.7244,83.5,72.0,98.0,3.11,2022-06-23 01:13:50
"riohacha,co",Riohacha,CO,11.5444,-72.9072,80.55,82.0,100.0,9.37,2022-06-23 01:10:04
"zlotoryja,pl",Zlotoryja,PL,51.1264,15.9198,56.95,71.0,0.0,3.94,2022-06-23 01:13:50
"honiara,sb",Honiara,SB,-9.4333,159.95,86.52,64.0,18.0,4.45,2022-06-23 01:12:27
"sfantu gheorghe,ro",Sfantu Gheorghe,RO,45.8667,25.7833,55.27,75.0,100.0,1.36,2022-06-23 01:13:51
"carutapera,br",Carutapera,BR,-1.195,-46.02,73.67,94.0,86.0,5.1,2022-06-23 01:13:52
"tucumcari,us",Tucumcari,US,35.1717,-103.725,84.04,37.0,0.0,5.75,2022-06-23 01:13:52
"vilyuysk,ru",Vilyuysk,RU,63.7553,121.6247,74.97,46.0,100.0,3.91,2022-06-23 01:10:52
"yima,cn",Yima,CN,34.7381,111.8839,84.56,56.0,6.0,10.6,2022-06-23 01:13:52
"lebu,cl",Lebu,CL,-37.6167,-73.65,48.45,90.0,100.0,7.83,2022-06-23 01:13:52
"uaua,br",Uaua,BR,-9.8414,-39.4817,73.72,70.0,94.0,12.08,2022-06-23 01:11:49
"port hedland,au",Port Hedland,AU,-20.3167,118.5667,75.25,31.0,4.0,13.8,2022-06-23 01:12:26
"drammen,no",Drammen,NO,59.7439,10.2045,61.11,67.0,100.0,1.61,2022-06-23 01:13:53
"vesoul,fr",Vesoul,FR,47.5833,5.8333,61.61,96.0,34.0,1.83,2022-06-23 01:13:54
"chissamba,ao",Chissamba,AO,-12.1667,17.3333,58.93,57.0,5.0,1.59,2022-06-23 01:13:54
"ruwi,om",Ruwi,OM,23.5996,58.5507,91.09,70.0,6.0,5.99,2022-06-23 01:13:55
"ulladulla,au",Ulladulla,AU,-35.35,150.4667,53.76,56.0,100.0,3.76,2022-06-23 01:09:42
"ripky,ua",Ripky,UA,51.801,31.0838,58.1,94.0,100.0,11.79,2022-06-23 01:13:55
"bemidji,us",Bemidji,US,47.4736,-94.8803,75.29,53.0,0.0,4.61,2022-06-23 01:13:56
"gushikawa,jp",Gushikawa,JP,26.3544,127.8686,87.8,74.0,20.0,12.66,2022-06-23 01:11:48
"forbes,au",Forbes,AU,-33.3833,148.0167,54.36,71.0,100.0,3.89,2022-06-23 01:12:23
"lompoc,us",Lompoc,US,34.6391,-120.4579,76.84,72.0,0.0,14.97,2022-06-23 01:13:57
"luwuk,id",Luwuk,ID,-0.9516,122.7875,79.54,87.0,94.0,2.66,2022-06-23 01:13:57
"katav-ivanovsk,ru",Katav-Ivanovsk,RU,54.7531,58.1956,57.22,93.0,6.0,3.11,2022-06-23 01:13:57
"kudahuvadhoo,mv",Kudahuvadhoo,MV,2.6708,72.8944,82.54,73.0,89.0,3.13,2022-06-23 01:13:58
"nikolskoye,ru",Nikolskoye,RU,59.7035,30.7861,49.91,72.0,91.0,3.04,2022-06-23 01:13:58
"kununurra,au",Kununurra,AU,-15.7667,128.7333,76.98,31.0,95.0,12.66,2022-06-23 01:13:58
"salalah,om",Salalah,OM,17.0151,54.0924,82.49,89.0,75.0,10.36,2022-06-23 01:13:59
"ilulissat,gl",Ilulissat,GL,69.2167,-51.1,37.42,81.0,100.0,3.44,2022-06-23 01:13:59
"taybad,ir",Taybad,IR,34.74,60.7756,73.06,18.0,0.0,1.28,2022-06-23 01:13:59
"akhmim,eg",Akhmim,EG,26.5622,31.745,80.37,34.0,0.0,10.31,2022-06-23 01:14:00
"bodden town,ky",Bodden Town,KY,19.2833,-81.25,82.99,79.0,20.0,8.05,2022-06-23 01:14:00
"abu dhabi,ae",Abu Dhabi,AE,24.4667,54.3667,88.97,64.0,0.0,2.3,2022-06-23 01:12:38
"cesis,lv",Cesis,LV,57.3119,25.2746,50.74,84.0,0.0,3.24,2022-06-23 01:10:32
"lavras,br",Lavras,BR,-21.2453,-44.9997,59.9,66.0,0.0,2.04,2022-06-23 01:12:35
"lac du bonnet,ca",Lac Du Bonnet,CA,50.2536,-96.0612,67.12,85.0,17.0,6.4,2022-06-23 01:14:01
"cidreira,br",Cidreira,BR,-30.1811,-50.2056,61.34,97.0,100.0,4.59,2022-06-23 01:14:01
"zabolotiv,ua",Zabolotiv,UA,48.4705,25.2857,54.28,77.0,97.0,5.88,2022-06-23 01:12:12
"mabay,ph",Mabay,PH,6.0577,124.4666,84.33,68.0,90.0,2.17,2022-06-23 01:10:16
"santa maria del real,hn",Santa Maria Del Real,HN,14.7667,-85.95,72.18,94.0,81.0,4.21,2022-06-23 01:11:47
"kostino,ru",Kostino,RU,58.9097,53.2691,50.32,99.0,65.0,3.29,2022-06-23 01:14:02
"omaruru,na",Omaruru,NA,-21.4333,15.9333,43.34,40.0,0.0,3.18,2022-06-23 01:14:03
"dargaville,nz",Dargaville,NZ,-35.9333,173.8833,56.39,76.0,94.0,5.57,2022-06-23 01:14:04
"malim,ph",Malim,PH,7.452,123.4312,81.55,76.0,100.0,5.99,2022-06-23 01:14:04
"aswan,eg",Aswan,EG,24.0934,32.907,81.14,29.0,6.0,9.28,2022-06-23 01:09:34
"nome,us",Nome,US,64.5011,-165.4064,44.67,93.0,100.0,12.66,2022-06-23 01:14:05
"chuzhou,cn",Chuzhou,CN,32.3219,118.2978,87.53,61.0,100.0,17.22,2022-06-23 01:12:32
"cardonal,mx",Cardonal,MX,20.6,-99.1333,57.11,90.0,97.0,6.93,2022-06-23 01:14:05
"dauriya,ru",Dauriya,RU,49.9333,116.8667,70.18,48.0,100.0,5.95,2022-06-23 01:14:05
"san cristobal,ec",San Cristobal,EC,-0.9045,-89.6174,70.61,87.0,96.0,11.05,2022-06-23 01:14:06
"rio grande,br",Rio Grande,BR,-32.035,-52.0986,54.95,95.0,100.0,18.9,2022-06-23 01:14:06
"berbera,so",Berbera,SO,10.4396,45.0143,88.59,45.0,100.0,20.67,2022-06-23 01:14:06
"yunhe,cn",Yunhe,CN,34.0833,119.7167,85.44,71.0,100.0,16.42,2022-06-23 01:12:24
"sorland,no",Sorland,NO,67.667,12.6934,48.06,87.0,25.0,26.22,2022-06-23 01:14:07
"katsuura,jp",Katsuura,JP,35.1333,140.3,73.71,87.0,58.0,9.48,2022-06-23 01:14:07
"walvis bay,na",Walvis Bay,NA,-22.9575,14.5053,50.09,71.0,0.0,6.51,2022-06-23 01:14:08
"dzhebariki-khaya,ru",Dzhebariki-Khaya,RU,62.2167,135.8,78.96,43.0,0.0,4.81,2022-06-23 01:14:08
"mitsamiouli,km",Mitsamiouli,KM,-11.3847,43.2844,75.92,65.0,0.0,6.11,2022-06-23 01:14:09
"le pradet,fr",Le Pradet,FR,43.1066,6.0172,74.37,85.0,0.0,2.3,2022-06-23 01:14:09
"zmeinogorsk,ru",Zmeinogorsk,RU,51.1567,82.195,69.62,71.0,18.0,4.76,2022-06-23 01:14:09
"golkoy,tr",Golkoy,TR,40.6875,37.6178,58.41,84.0,100.0,3.42,2022-06-23 01:14:09
"roald,no",Roald,NO,62.5833,6.1333,57.76,87.0,100.0,21.85,2022-06-23 01:14:10
"opelika,us",Opelika,US,32.6454,-85.3783,91.65,57.0,0.0,1.01,2022-06-23 01:12:56
"tshikapa,cd",Tshikapa,CD,-6.4167,20.8,74.16,43.0,98.0,1.1,2022-06-23 01:14:10
"faanui,pf",Faanui,PF,-16.4833,-151.75,80.33,66.0,20.0,8.79,2022-06-23 01:14:10
"saint-francois,gp",Saint-Francois,GP,16.2526,-61.2741,78.76,72.0,6.0,11.27,2022-06-23 01:14:11
"yellowknife,ca",Yellowknife,CA,62.456,-114.3525,69.57,32.0,6.0,10.0,2022-06-23 01:14:12
"camana,pe",Camana,PE,-16.6228,-72.7111,62.2,77.0,36.0,5.68,2022-06-23 01:14:12
"dwarka,in",Dwarka,IN,22.2394,68.9678,84.02,80.0,29.0,11.36,2022-06-23 01:14:12
"pochutla,mx",Pochutla,MX,15.7432,-96.4661,71.82,95.0,100.0,2.26,2022-06-23 01:14:12
"chengalpattu,in",Chengalpattu,IN,12.7,79.9833,83.91,66.0,100.0,5.44,2022-06-23 01:09:20
"kieta,pg",Kieta,PG,-6.2167,155.6333,85.28,65.0,43.0,3.65,2022-06-23 01:14:13
"emerald,au",Emerald,AU,-23.5333,148.1667,67.33,52.0,0.0,12.3,2022-06-23 01:11:16
"merauke,id",Merauke,ID,-8.4667,140.3333,80.58,80.0,100.0,15.84,2022-06-23 01:14:13
"miri,my",Miri,MY,4.4148,114.0089,80.62,78.0,95.0,5.57,2022-06-23 01:12:31
"baghdad,iq",Baghdad,IQ,33.3406,44.4009,76.91,41.0,0.0,2.3,2022-06-23 01:14:14
"ulaangom,mn",Ulaangom,MN,49.9811,92.0667,71.47,44.0,15.0,4.14,2022-06-23 01:14:14
"kalmunai,lk",Kalmunai,LK,7.4167,81.8167,79.36,76.0,100.0,7.78,2022-06-23 01:14:15
"mecca,sa",Mecca,SA,21.4267,39.8261,85.32,34.0,100.0,4.97,2022-06-23 01:14:05
"alofi,nu",Alofi,NU,-19.0595,-169.9187,78.69,69.0,20.0,12.66,2022-06-23 01:14:15
"blagoyevo,ru",Blagoyevo,RU,63.3667,47.9167,50.76,67.0,100.0,4.09,2022-06-23 01:11:55
"vallenar,cl",Vallenar,CL,-28.5708,-70.7581,51.71,72.0,6.0,4.56,2022-06-23 01:12:52
"coquimbo,cl",Coquimbo,CL,-29.9533,-71.3436,58.73,72.0,40.0,13.8,2022-06-23 01:14:16
"bandarbeyla,so",Bandarbeyla,SO,9.4942,50.8122,77.4,78.0,100.0,27.16,2022-06-23 01:14:16
"sunndalsora,no",Sunndalsora,NO,62.6754,8.5515,57.96,90.0,100.0,5.73,2022-06-23 01:11:03
"oranjemund,na",Oranjemund,NA,-28.55,16.4333,52.97,90.0,0.0,3.44,2022-06-23 01:10:08
"fengzhen,cn",Fengzhen,CN,40.4394,113.1536,71.87,45.0,0.0,4.38,2022-06-23 01:10:47
"itaituba,br",Itaituba,BR,-4.2761,-55.9836,77.5,68.0,88.0,1.99,2022-06-23 01:14:17
"collie,au",Collie,AU,-33.3667,116.15,57.42,96.0,100.0,4.45,2022-06-23 01:09:40
"georgiyevka,kz",Georgiyevka,KZ,43.0369,74.7114,69.84,73.0,40.0,4.47,2022-06-23 01:14:17
"pierre,us",Pierre,US,44.3683,-100.351,87.06,37.0,0.0,12.66,2022-06-23 01:10:15
"devonport,au",Devonport,AU,-41.1667,146.35,56.98,93.0,100.0,16.28,2022-06-23 01:10:02
"krutinka,ru",Krutinka,RU,56.0055,71.5113,57.15,93.0,92.0,17.29,2022-06-23 01:12:51
"lagoa,pt",Lagoa,PT,39.05,-27.9833,64.31,83.0,100.0,13.6,2022-06-23 01:14:18
"aripuana,br",Aripuana,BR,-9.1667,-60.6333,72.1,57.0,89.0,2.17,2022-06-23 01:14:18
"prado,br",Prado,BR,-17.3411,-39.2208,71.38,88.0,6.0,5.75,2022-06-23 01:14:19
"flinders,au",Flinders,AU,-34.5833,150.8552,63.18,61.0,94.0,3.0,2022-06-23 01:14:19
"kirillov,ru",Kirillov,RU,59.863,38.3813,44.74,88.0,11.0,2.44,2022-06-23 01:14:19
"viedma,ar",Viedma,AR,-40.8135,-62.9967,36.73,58.0,100.0,4.54,2022-06-23 01:14:19
"polyarnyye zori,ru",Polyarnyye Zori,RU,67.3661,32.4981,46.76,91.0,88.0,2.71,2022-06-23 01:14:20
"san quintin,mx",San Quintin,MX,30.4833,-115.95,71.53,71.0,0.0,13.47,2022-06-23 01:14:20
"leningradskiy,ru",Leningradskiy,RU,69.3833,178.4167,51.53,53.0,86.0,9.15,2022-06-23 01:14:20
"dumas,us",Dumas,US,35.8656,-101.9732,86.61,37.0,0.0,6.91,2022-06-23 01:11:54
"nouadhibou,mr",Nouadhibou,MR,20.931,-17.0347,68.52,83.0,21.0,19.24,2022-06-23 01:11:00
"ciudad bolivar,ve",Ciudad Bolivar,VE,8.1222,-63.5497,78.42,82.0,39.0,7.38,2022-06-23 01:14:21
"ushtobe,kz",Ushtobe,KZ,45.2514,77.9838,82.2,31.0,100.0,4.45,2022-06-23 01:14:21
"berlevag,no",Berlevag,NO,70.8578,29.0864,42.8,81.0,0.0,3.44,2022-06-23 01:14:21
"dryden,ca",Dryden,CA,49.7833,-92.7503,67.98,57.0,14.0,8.19,2022-06-23 01:12:43
"krasnokholm,ru",Krasnokholm,RU,51.5979,54.1567,70.41,60.0,100.0,8.1,2022-06-23 01:14:22
"puerto del rosario,es",Puerto Del Rosario,ES,28.5004,-13.8627,69.55,68.0,75.0,8.05,2022-06-23 01:12:39
"chalus,ir",Chalus,IR,36.655,51.4204,75.67,65.0,0.0,13.18,2022-06-23 01:14:22
"hualmay,pe",Hualmay,PE,-11.0964,-77.6139,62.02,80.0,3.0,10.85,2022-06-23 01:14:23
"khelyulya,ru",Khelyulya,RU,61.7333,30.6833,51.04,83.0,97.0,4.27,2022-06-23 01:14:23
"petatlan,mx",Petatlan,MX,17.5167,-101.2667,82.2,94.0,100.0,4.59,2022-06-23 01:14:23
"villarrica,cl",Villarrica,CL,-39.2857,-72.2279,40.44,91.0,100.0,5.46,2022-06-23 01:14:24
"quatre cocos,mu",Quatre Cocos,MU,-20.2078,57.7625,66.09,73.0,18.0,13.96,2022-06-23 01:14:24
"okha,ru",Okha,RU,53.5739,142.9478,63.16,70.0,100.0,16.37,2022-06-23 01:14:24
"forres,gb",Forres,GB,57.6113,-3.6108,57.09,76.0,0.0,10.36,2022-06-23 01:14:24
"wanning,cn",Wanning,CN,18.8003,110.3967,85.6,74.0,41.0,10.89,2022-06-23 01:14:25
"lorengau,pg",Lorengau,PG,-2.0226,147.2712,84.69,67.0,38.0,5.1,2022-06-23 01:14:25
"camacha,pt",Camacha,PT,33.0833,-16.3333,63.82,72.0,40.0,8.05,2022-06-23 01:14:25
"moron,mn",Moron,MN,47.3825,110.3165,63.9,51.0,6.0,16.73,2022-06-23 01:12:06
"nybro,se",Nybro,SE,56.7446,15.9071,50.25,91.0,100.0,5.17,2022-06-23 01:14:26
"kayanga,tz",Kayanga,TZ,-1.5303,31.1511,57.34,69.0,93.0,3.0,2022-06-23 01:11:50
"melchor de mencos,gt",Melchor De Mencos,GT,17.0686,-89.1522,75.2,94.0,0.0,0.0,2022-06-23 01:14:26
"priargunsk,ru",Priargunsk,RU,50.3691,119.1012,71.91,49.0,99.0,7.09,2022-06-23 01:14:26
"avanigadda,in",Avanigadda,IN,16.0215,80.9181,87.01,59.0,98.0,8.72,2022-06-23 01:14:27
"noormarkku,fi",Noormarkku,FI,61.5927,21.8685,55.18,100.0,20.0,6.91,2022-06-23 01:14:27
"matara,lk",Matara,LK,5.9485,80.5353,77.4,88.0,100.0,9.04,2022-06-23 01:14:27
"salinopolis,br",Salinopolis,BR,-0.6136,-47.3561,76.69,87.0,100.0,9.31,2022-06-23 01:14:28
"amahai,id",Amahai,ID,-3.3333,128.9167,82.15,75.0,85.0,1.14,2022-06-23 01:14:28
"cockburn town,bs",Cockburn Town,BS,24.0333,-74.5167,79.47,73.0,100.0,11.97,2022-06-23 01:14:28
"bowen,au",Bowen,AU,-20.0167,148.2333,71.37,64.0,0.0,17.05,2022-06-23 01:11:44
"dongfeng,cn",Dongfeng,CN,42.6403,125.5118,67.3,88.0,100.0,11.36,2022-06-23 01:10:46
"ambon,id",Ambon,ID,-3.6954,128.1814,80.74,83.0,40.0,3.44,2022-06-23 01:14:29
"terra rica,br",Terra Rica,BR,-22.7094,-52.6169,72.54,57.0,40.0,5.19,2022-06-23 01:11:11
"altamira,br",Altamira,BR,-3.2033,-52.2064,73.2,95.0,86.0,3.02,2022-06-23 01:14:29
"tarancon,es",Tarancon,ES,40.0085,-3.0073,56.37,62.0,0.0,3.38,2022-06-23 01:11:02
"cayenne,gf",Cayenne,GF,4.9333,-52.3333,79.09,1.0,47.0,0.0,2022-06-23 01:13:22
"kinkala,cg",Kinkala,CG,-4.3614,14.7644,68.5,77.0,5.0,3.47,2022-06-23 01:14:30
"erenhot,cn",Erenhot,CN,43.6475,111.9767,75.61,27.0,9.0,19.64,2022-06-23 01:14:30
"mutis,co",Mutis,CO,6.2262,-77.4044,77.94,89.0,100.0,4.94,2022-06-23 01:14:30
"arlit,ne",Arlit,NE,18.7369,7.3853,90.48,24.0,9.0,4.59,2022-06-23 01:14:31
"hithadhoo,mv",Hithadhoo,MV,-0.6,73.0833,83.93,69.0,36.0,10.65,2022-06-23 01:14:31
"college,us",College,US,64.8569,-147.8028,78.01,35.0,75.0,5.75,2022-06-23 01:14:31
"aljezur,pt",Aljezur,PT,37.3191,-8.8033,60.13,87.0,39.0,2.55,2022-06-23 01:10:39
"ancud,cl",Ancud,CL,-41.8697,-73.8203,37.22,77.0,3.0,6.91,2022-06-23 01:14:32
"bukachacha,ru",Bukachacha,RU,52.9833,116.9167,62.55,68.0,99.0,5.37,2022-06-23 01:14:32
"marawi,sd",Marawi,SD,18.4833,31.8167,85.86,17.0,7.0,9.37,2022-06-23 01:14:32
"clyde river,ca",Clyde River,CA,70.4692,-68.5914,34.03,93.0,100.0,17.27,2022-06-23 01:14:32
"general roca,ar",General Roca,AR,-39.0333,-67.5833,39.61,75.0,100.0,7.7,2022-06-23 01:14:33
"oranjestad,aw",Oranjestad,AW,12.524,-70.027,80.8,86.0,7.0,24.34,2022-06-23 01:11:06
"richards bay,za",Richards Bay,ZA,-28.783,32.0377,65.75,76.0,100.0,7.05,2022-06-23 01:14:33
"mapiripan,co",Mapiripan,CO,2.8892,-72.1256,73.44,91.0,48.0,0.65,2022-06-23 01:14:33
"krivosheino,ru",Krivosheino,RU,57.3431,83.9261,60.53,90.0,100.0,4.05,2022-06-23 01:12:47
"chicama,pe",Chicama,PE,-7.8447,-79.1469,59.54,81.0,11.0,5.68,2022-06-23 01:14:34
"medea,dz",Medea,DZ,36.2642,2.7539,65.28,80.0,100.0,5.73,2022-06-23 01:14:34
"ekhabi,ru",Ekhabi,RU,53.5102,142.9671,65.44,66.0,100.0,17.09,2022-06-23 01:14:34
"morondava,mg",Morondava,MG,-20.2833,44.2833,64.38,79.0,0.0,10.56,2022-06-23 01:14:35
"saint-paul,re",Saint-Paul,RE,-21.0096,55.2707,67.35,74.0,3.0,10.83,2022-06-23 01:14:35
"weihai,cn",Weihai,CN,37.5017,122.1136,71.58,98.0,100.0,9.62,2022-06-23 01:10:39
"sitka,us",Sitka,US,57.0531,-135.33,53.49,82.0,100.0,4.61,2022-06-23 01:14:35
"roebourne,au",Roebourne,AU,-20.7833,117.1333,73.69,31.0,0.0,13.42,2022-06-23 01:14:36
"abha,sa",Abha,SA,18.2164,42.5053,66.45,88.0,0.0,6.91,2022-06-23 01:14:36
"ballina,au",Ballina,AU,-28.8667,153.5667,66.02,75.0,0.0,3.31,2022-06-23 01:10:54
"verkhnyaya inta,ru",Verkhnyaya Inta,RU,65.9811,60.3094,48.09,98.0,100.0,5.88,2022-06-23 01:14:36
"thompson,ca",Thompson,CA,55.7435,-97.8558,66.36,68.0,75.0,5.75,2022-06-23 01:14:37
"rovaniemi,fi",Rovaniemi,FI,66.5,25.7167,47.61,87.0,0.0,9.22,2022-06-23 01:14:37
"marsaxlokk,mt",Marsaxlokk,MT,35.8419,14.5431,77.07,46.0,0.0,2.3,2022-06-23 01:14:37
"shediac,ca",Shediac,CA,46.2198,-64.5411,56.08,77.0,5.0,8.52,2022-06-23 01:14:37
"vuktyl,ru",Vuktyl,RU,63.8567,57.3094,50.43,87.0,100.0,5.73,2022-06-23 01:09:58
"korla,cn",Korla,CN,41.7597,86.1469,88.12,15.0,37.0,6.62,2022-06-23 01:14:38
"necochea,ar",Necochea,AR,-38.5473,-58.7368,40.05,67.0,47.0,1.63,2022-06-23 01:14:38
"chumikan,ru",Chumikan,RU,54.7183,135.315,41.49,97.0,100.0,1.34,2022-06-23 01:14:38
"karcag,hu",Karcag,HU,47.3167,20.9333,62.62,46.0,100.0,6.46,2022-06-23 01:14:39
"georgetown,us",Georgetown,US,30.6327,-97.6772,96.66,41.0,0.0,6.91,2022-06-23 01:10:00
"cairns,au",Cairns,AU,-16.9167,145.7667,78.12,69.0,100.0,19.57,2022-06-23 01:14:39
"porto-vecchio,fr",Porto-Vecchio,FR,41.591,9.2795,76.66,73.0,0.0,12.66,2022-06-23 01:10:56
"kailua,us",Kailua,US,21.4022,-157.7394,83.61,68.0,75.0,13.8,2022-06-23 01:14:40
"istanbul,tr",Istanbul,TR,41.0351,28.9833,68.16,60.0,0.0,2.3,2022-06-23 01:14:40
"hay river,ca",Hay River,CA,60.8156,-115.7999,54.79,50.0,55.0,15.48,2022-06-23 01:14:40
"rafai,cf",Rafai,CF,4.95,23.9167,66.52,99.0,96.0,2.73,2022-06-23 01:14:40
"solnechnyy,ru",Solnechnyy,RU,50.7214,136.6319,71.33,71.0,71.0,5.64,2022-06-23 01:14:41
"hami,cn",Hami,CN,42.8,93.45,90.84,9.0,43.0,4.07,2022-06-23 01:14:41
"stockach,de",Stockach,DE,47.85,9.0167,63.91,87.0,10.0,2.3,2022-06-23 01:14:41
"busselton,au",Busselton,AU,-33.65,115.3333,59.67,87.0,100.0,9.44,2022-06-23 01:13:22
"tadine,nc",Tadine,NC,-21.55,167.8833,73.54,57.0,100.0,10.92,2022-06-23 01:12:14
"fez,ma",Fez,MA,34.0372,-4.9998,61.05,72.0,0.0,4.61,2022-06-23 01:14:42
"magugu,tz",Magugu,TZ,-4.0167,35.7667,55.8,92.0,8.0,0.96,2022-06-23 01:10:34
"nuuk,gl",Nuuk,GL,64.1835,-51.7216,36.21,93.0,100.0,8.05,2022-06-23 01:14:42
"kapuskasing,ca",Kapuskasing,CA,49.4169,-82.4331,62.62,63.0,9.0,2.59,2022-06-23 01:14:43
"tayshet,ru",Tayshet,RU,55.9342,98.0044,64.33,52.0,54.0,5.21,2022-06-23 01:11:22
"sulangan,ph",Sulangan,PH,11.1373,123.7228,83.46,71.0,100.0,5.06,2022-06-23 01:14:43
"davila,ph",Davila,PH,18.4726,120.5763,83.79,69.0,95.0,3.71,2022-06-23 01:11:25
"alugan,ph",Alugan,PH,12.2188,125.4808,81.61,80.0,100.0,6.08,2022-06-23 01:14:44
"flagstaff,us",Flagstaff,US,35.1981,-111.6513,75.52,46.0,20.0,0.0,2022-06-23 01:10:13
"ust-kut,ru",Ust-Kut,RU,56.7938,105.7672,57.15,75.0,82.0,1.5,2022-06-23 01:10:04
"kalmar,se",Kalmar,SE,56.6616,16.3616,51.15,82.0,100.0,6.35,2022-06-23 01:14:45
"vaini,to",Vaini,TO,-21.2,-175.2,77.16,61.0,20.0,11.5,2022-06-23 01:14:45
"sola,vu",Sola,VU,-13.8833,167.55,80.17,79.0,94.0,17.74,2022-06-23 01:14:45
"kindersley,ca",Kindersley,CA,51.4668,-109.1682,71.62,53.0,75.0,8.05,2022-06-23 01:10:15
"ukiah,us",Ukiah,US,39.1502,-123.2078,96.17,28.0,0.0,9.22,2022-06-23 01:11:32
"the valley,ai",The Valley,AI,18.217,-63.0578,82.81,74.0,6.0,10.38,2022-06-23 01:10:48
"ahipara,nz",Ahipara,NZ,-35.1667,173.1667,59.83,62.0,74.0,5.84,2022-06-23 01:12:10
"pusad,in",Pusad,IN,19.9,77.5833,78.46,77.0,61.0,2.64,2022-06-23 01:14:46
"pampas,pe",Pampas,PE,-12.4,-74.9,46.56,93.0,66.0,3.58,2022-06-23 01:14:47
"harwich,us",Harwich,US,41.6862,-70.0759,62.89,88.0,0.0,8.05,2022-06-23 01:14:47
"chara,ru",Chara,RU,56.9064,118.2631,58.84,86.0,100.0,3.36,2022-06-23 01:14:47
"mataram,id",Mataram,ID,-8.5833,116.1167,83.21,67.0,100.0,11.79,2022-06-23 01:10:25
"ostrovnoy,ru",Ostrovnoy,RU,68.0531,39.5131,50.52,76.0,99.0,13.09,2022-06-23 01:14:48
"praia da vitoria,pt",Praia Da Vitoria,PT,38.7333,-27.0667,65.75,82.0,100.0,11.9,2022-06-23 01:14:48
"taksimo,ru",Taksimo,RU,56.3444,114.8794,54.93,88.0,100.0,2.68,2022-06-23 01:14:48
"black river,jm",Black River,JM,18.0264,-77.8487,79.43,78.0,97.0,0.78,2022-06-23 01:14:48
"balgazyn,ru",Balgazyn,RU,51.0,95.2,70.77,50.0,1.0,3.65,2022-06-23 01:14:48
"teknaf,bd",Teknaf,BD,20.8624,92.3058,79.52,86.0,100.0,9.31,2022-06-23 01:14:49
"bakchar,ru",Bakchar,RU,57.0186,82.0711,60.44,90.0,16.0,5.64,2022-06-23 01:14:49
"seoul,kr",Seoul,KR,37.5683,126.9778,74.64,74.0,100.0,5.06,2022-06-23 01:10:03
"sur,om",Sur,OM,22.5667,59.5289,85.08,69.0,72.0,15.66,2022-06-23 01:14:50
"cusset,fr",Cusset,FR,46.13,3.4596,66.54,96.0,65.0,2.93,2022-06-23 01:14:50
"riberalta,bo",Riberalta,BO,-10.9833,-66.1,78.66,64.0,100.0,0.67,2022-06-23 01:14:50
"acarau,br",Acarau,BR,-2.8856,-40.12,75.22,85.0,100.0,9.91,2022-06-23 01:14:50
"nouakchott,mr",Nouakchott,MR,18.0858,-15.9785,80.53,80.0,0.0,17.4,2022-06-23 01:09:54
"itupiranga,br",Itupiranga,BR,-5.1347,-49.3267,75.52,82.0,5.0,2.39,2022-06-23 01:14:51
"souillac,mu",Souillac,MU,-20.5167,57.5167,69.85,67.0,28.0,10.6,2022-06-23 01:14:51
"nelson bay,au",Nelson Bay,AU,-32.7167,152.15,60.01,71.0,54.0,8.01,2022-06-23 01:14:51
"kopervik,no",Kopervik,NO,59.2835,5.3067,57.18,94.0,40.0,6.91,2022-06-23 01:12:09
"port alfred,za",Port Alfred,ZA,-33.5906,26.891,63.19,74.0,93.0,5.93,2022-06-23 01:14:52
"nikolayevsk-na-amure,ru",Nikolayevsk-Na-Amure,RU,53.1406,140.73,69.19,74.0,99.0,2.26,2022-06-23 01:12:27
"kapaa,us",Kapaa,US,22.0752,-159.319,84.18,74.0,75.0,14.97,2022-06-23 01:14:52
"povolzhskiy,ru",Povolzhskiy,RU,53.5854,49.7629,61.59,97.0,100.0,3.78,2022-06-23 01:10:31
"shenkursk,ru",Shenkursk,RU,62.1091,42.896,45.91,84.0,0.0,4.68,2022-06-23 01:10:07
"atar,mr",Atar,MR,20.5169,-13.0499,91.85,32.0,5.0,10.18,2022-06-23 01:14:53
"pangnirtung,ca",Pangnirtung,CA,66.1451,-65.7125,47.1,65.0,0.0,1.83,2022-06-23 01:14:53
"ponta do sol,cv",Ponta Do Sol,CV,17.1994,-25.0919,76.78,94.0,59.0,12.5,2022-06-23 01:14:53
"ouegoa,nc",Ouegoa,NC,-20.35,164.4333,74.82,58.0,100.0,7.2,2022-06-23 01:14:54
"bredasdorp,za",Bredasdorp,ZA,-34.5322,20.0403,58.71,83.0,100.0,5.99,2022-06-23 01:14:54
"fengrun,cn",Fengrun,CN,39.8333,118.1167,83.35,51.0,0.0,9.24,2022-06-23 01:14:54
"mangrol,in",Mangrol,IN,21.1167,70.1167,84.7,75.0,100.0,11.27,2022-06-23 01:14:55
"vanimo,pg",Vanimo,PG,-2.6741,141.3028,85.32,65.0,1.0,5.86,2022-06-23 01:14:55
"baruun-urt,mn",Baruun-Urt,MN,46.6806,113.2792,68.0,45.0,7.0,15.57,2022-06-23 01:14:55
"bonavista,ca",Bonavista,CA,48.6499,-53.1147,52.72,85.0,96.0,9.19,2022-06-23 01:14:55
"coahuayana,mx",Coahuayana,MX,18.7333,-103.6833,80.29,80.0,100.0,3.04,2022-06-23 01:10:20
"constitucion,cl",Constitucion,CL,-35.3333,-72.4167,52.52,87.0,100.0,18.68,2022-06-23 01:14:56
"aksarka,ru",Aksarka,RU,66.5606,67.7975,64.89,75.0,1.0,10.45,2022-06-23 01:12:23
"kargala,ru",Kargala,RU,56.6208,83.9607,61.7,90.0,8.0,5.35,2022-06-23 01:14:57
"georgetown,sh",Georgetown,SH,-7.9333,-14.4167,75.85,73.0,75.0,13.8,2022-06-23 01:14:57
"la primavera,co",La Primavera,CO,5.4906,-70.4092,76.66,82.0,47.0,4.07,2022-06-23 01:14:57
"iwakuni,jp",Iwakuni,JP,34.15,132.1833,80.08,74.0,75.0,6.91,2022-06-23 01:12:49
"bilma,ne",Bilma,NE,18.6853,12.9164,89.91,14.0,5.0,5.28,2022-06-23 01:14:58
"berezanka,ua",Berezanka,UA,46.8526,31.388,54.23,89.0,68.0,13.91,2022-06-23 01:14:58
"chinchani,in",Chinchani,IN,19.8667,72.7,78.24,86.0,100.0,1.95,2022-06-23 01:14:58
"tuktoyaktuk,ca",Tuktoyaktuk,CA,69.4541,-133.0374,43.74,69.0,100.0,7.07,2022-06-23 01:14:59
"barcelos,br",Barcelos,BR,-0.9747,-62.9242,74.43,88.0,8.0,2.64,2022-06-23 01:15:00
"rikitea,pf",Rikitea,PF,-23.1203,-134.9692,75.58,73.0,9.0,13.56,2022-06-23 01:15:00
"berdigestyakh,ru",Berdigestyakh,RU,62.0989,126.6992,78.1,36.0,19.0,10.98,2022-06-23 01:15:00
"vostok,ru",Vostok,RU,46.4856,135.8833,66.79,68.0,100.0,4.16,2022-06-23 01:11:31
"egvekinot,ru",Egvekinot,RU,66.3167,-179.1667,40.84,81.0,92.0,6.78,2022-06-23 01:15:01
"le port,re",Le Port,RE,-20.9373,55.2919,67.24,63.0,1.0,7.87,2022-06-23 01:11:51
"kloulklubed,pw",Kloulklubed,PW,7.0419,134.2556,81.1,72.0,98.0,7.54,2022-06-23 01:15:01
"pak phanang,th",Pak Phanang,TH,8.3511,100.202,80.17,82.0,100.0,7.96,2022-06-23 01:12:36
"deputatskiy,ru",Deputatskiy,RU,69.3,139.9,46.69,38.0,13.0,14.83,2022-06-23 01:15:02
"barrow,us",Barrow,US,71.2906,-156.7887,42.82,87.0,100.0,13.8,2022-06-23 01:10:55
"kalispell,us",Kalispell,US,48.1958,-114.3129,78.84,41.0,0.0,10.0,2022-06-23 01:15:02
"vesyegonsk,ru",Vesyegonsk,RU,58.664,37.2604,45.97,87.0,3.0,3.53,2022-06-23 01:15:02
"khatanga,ru",Khatanga,RU,71.9667,102.5,53.49,38.0,87.0,13.62,2022-06-23 01:15:03
"vanavara,ru",Vanavara,RU,60.34,102.2797,57.72,78.0,100.0,2.66,2022-06-23 01:11:42
"beringovskiy,ru",Beringovskiy,RU,63.05,179.3167,46.72,86.0,100.0,12.44,2022-06-23 01:15:03
"ipixuna,br",Ipixuna,BR,-1.7625,-48.8043,71.71,98.0,100.0,3.44,2022-06-23 01:11:12
"macheng,cn",Macheng,CN,31.1783,115.0319,83.17,77.0,100.0,11.68,2022-06-23 01:15:04
"chateaubelair,vc",Chateaubelair,VC,13.2833,-61.25,78.66,81.0,100.0,8.77,2022-06-23 01:11:17
"koltubanovskiy,ru",Koltubanovskiy,RU,52.9407,52.0269,64.65,78.0,94.0,10.54,2022-06-23 01:11:44
"ixtapa,mx",Ixtapa,MX,20.7,-105.2,84.22,74.0,100.0,8.05,2022-06-23 01:15:05
"rio gallegos,ar",Rio Gallegos,AR,-51.6226,-69.2181,34.61,80.0,100.0,21.27,2022-06-23 01:15:05
"narsaq,gl",Narsaq,GL,60.9167,-46.05,52.02,52.0,0.0,4.52,2022-06-23 01:15:05
"sault sainte marie,ca",Sault Sainte Marie,CA,46.5168,-84.3333,61.36,67.0,0.0,9.22,2022-06-23 01:12:53
"sonoita,mx",Sonoita,MX,31.85,-112.8333,99.39,22.0,17.0,17.2,2022-06-23 01:12:43
"nemuro,jp",Nemuro,JP,43.3236,145.575,50.36,91.0,100.0,9.64,2022-06-23 01:13:47
"noumea,nc",Noumea,NC,-22.2763,166.4572,75.18,99.0,100.0,5.12,2022-06-23 01:15:07
"hofn,is",Hofn,IS,64.2539,-15.2082,45.99,56.0,100.0,9.84,2022-06-23 01:15:07
"manyana,bw",Manyana,BW,-23.4,21.7167,46.13,48.0,0.0,7.4,2022-06-23 01:15:07
"makakilo city,us",Makakilo City,US,21.3469,-158.0858,82.15,57.0,40.0,16.11,2022-06-23 01:15:08
"matadi,cd",Matadi,CD,-5.8167,13.45,67.03,92.0,4.0,3.15,2022-06-23 01:15:08
"gawler,au",Gawler,AU,-34.6,138.7333,62.26,73.0,100.0,12.91,2022-06-23 01:10:36
"bettendorf,us",Bettendorf,US,41.5245,-90.5157,84.24,48.0,0.0,5.75,2022-06-23 01:15:08
"porto walter,br",Porto Walter,BR,-8.2686,-72.7439,76.75,69.0,100.0,2.93,2022-06-23 01:15:09
"bluff,nz",Bluff,NZ,-46.6,168.3333,41.81,58.0,82.0,6.38,2022-06-23 01:15:09
"arraial do cabo,br",Arraial Do Cabo,BR,-22.9661,-42.0278,70.27,87.0,0.0,18.81,2022-06-23 01:15:09
"saint-philippe,re",Saint-Philippe,RE,-21.3585,55.7679,62.19,80.0,82.0,15.59,2022-06-23 01:15:10
"kysyl-syr,ru",Kysyl-Syr,RU,63.8986,122.7617,74.64,51.0,100.0,4.21,2022-06-23 01:15:10
"surgut,ru",Surgut,RU,61.25,73.4167,60.1,93.0,75.0,6.71,2022-06-23 01:15:10
"sterling,us",Sterling,US,39.0062,-77.4286,73.22,95.0,100.0,6.91,2022-06-23 01:12:44
"sao filipe,cv",Sao Filipe,CV,14.8961,-24.4956,75.7,92.0,55.0,4.09,2022-06-23 01:15:11
"myitkyina,mm",Myitkyina,MM,25.3833,97.4,74.88,99.0,100.0,1.01,2022-06-23 01:15:11
"jardim,br",Jardim,BR,-21.4803,-56.1381,72.37,59.0,6.0,6.46,2022-06-23 01:15:11
"pafos,cy",Pafos,CY,34.7667,32.4167,73.18,53.0,0.0,5.75,2022-06-23 01:15:11
"padang,id",Padang,ID,-0.9492,100.3543,75.25,80.0,100.0,2.95,2022-06-23 01:10:50
"olafsvik,is",Olafsvik,IS,64.8945,-23.7142,43.2,67.0,41.0,23.13,2022-06-23 01:15:12
"kaduy,ru",Kaduy,RU,59.2,37.15,45.16,91.0,9.0,3.13,2022-06-23 01:10:58
"vila franca do campo,pt",Vila Franca Do Campo,PT,37.7167,-25.4333,64.2,84.0,94.0,9.78,2022-06-23 01:15:12
"barreirinhas,br",Barreirinhas,BR,-2.7469,-42.8264,75.0,84.0,23.0,4.83,2022-06-23 01:13:08
"saint-joseph,re",Saint-Joseph,RE,-21.3667,55.6167,62.98,81.0,91.0,14.81,2022-06-23 01:11:40
"hermanus,za",Hermanus,ZA,-34.4187,19.2345,59.81,87.0,100.0,11.05,2022-06-23 01:15:13
"namibe,ao",Namibe,AO,-15.1961,12.1522,61.43,68.0,0.0,5.46,2022-06-23 01:15:14
"marinette,us",Marinette,US,45.1,-87.6307,73.45,60.0,0.0,5.75,2022-06-23 01:15:14
"mount gambier,au",Mount Gambier,AU,-37.8333,140.7667,55.31,88.0,75.0,16.11,2022-06-23 01:15:15
"muros,es",Muros,ES,42.7762,-9.0603,61.09,90.0,100.0,3.44,2022-06-23 01:10:51
"murgab,tm",Murgab,TM,37.4966,61.9714,75.49,27.0,0.0,11.77,2022-06-23 01:15:15
"saint-augustin,ca",Saint-Augustin,CA,51.226,-58.6502,50.95,87.0,100.0,13.98,2022-06-23 01:15:15
"vao,nc",Vao,NC,-22.6667,167.4833,71.33,69.0,100.0,16.11,2022-06-23 01:15:15
"thisted,dk",Thisted,DK,56.9552,8.6949,57.2,94.0,66.0,10.8,2022-06-23 01:15:16
"chokurdakh,ru",Chokurdakh,RU,70.6333,147.9167,44.94,47.0,88.0,16.24,2022-06-23 01:15:16
"oliver,ca",Oliver,CA,49.1831,-119.5524,84.11,20.0,10.0,8.05,2022-06-23 01:15:16
"port-cartier,ca",Port-Cartier,CA,50.0334,-66.8654,55.74,89.0,87.0,5.37,2022-06-23 01:11:17
"krasnik,pl",Krasnik,PL,50.9236,22.2271,58.28,72.0,100.0,4.7,2022-06-23 01:15:17
"tual,id",Tual,ID,-5.6667,132.75,81.1,82.0,98.0,21.0,2022-06-23 01:15:17
"ponta delgada,pt",Ponta Delgada,PT,37.7333,-25.6667,64.51,88.0,40.0,9.22,2022-06-23 01:15:18
"port blair,in",Port Blair,IN,11.6667,92.75,82.63,78.0,74.0,9.33,2022-06-23 01:15:00
"darovskoy,ru",Darovskoy,RU,58.77,47.9564,52.14,98.0,100.0,5.01,2022-06-23 01:12:56
"mundo nuevo,mx",Mundo Nuevo,MX,18.7,-95.5,79.68,78.0,99.0,13.42,2022-06-23 01:11:52
"plouzane,fr",Plouzane,FR,48.3833,-4.6167,59.05,100.0,82.0,4.61,2022-06-23 01:15:19
"port hardy,ca",Port Hardy,CA,50.6996,-127.4199,57.38,67.0,20.0,13.8,2022-06-23 01:15:19
"petropavlovsk-kamchatskiy,ru",Petropavlovsk-Kamchatskiy,RU,53.0452,158.6483,64.99,63.0,0.0,13.42,2022-06-23 01:15:19
"nantucket,us",Nantucket,US,41.2835,-70.0995,64.02,93.0,0.0,9.22,2022-06-23 01:15:20
"seidu,sl",Seidu,SL,9.0167,-10.6,68.86,96.0,100.0,1.95,2022-06-23 01:15:20
"ullapool,gb",Ullapool,GB,57.8987,-5.1604,54.36,94.0,56.0,6.11,2022-06-23 01:12:19
"saint george,bm",Saint George,BM,32.3817,-64.6781,71.38,83.0,20.0,4.61,2022-06-23 01:15:20
"banda aceh,id",Banda Aceh,ID,5.5577,95.3222,79.29,83.0,100.0,14.74,2022-06-23 01:15:21
"puerto madero,mx",Puerto Madero,MX,14.7208,-92.4215,80.8,94.0,100.0,0.0,2022-06-23 01:15:22
"seminole,us",Seminole,US,28.7086,-81.2081,82.76,69.0,0.0,9.22,2022-06-23 01:15:23
"grindavik,is",Grindavik,IS,63.8424,-22.4338,46.35,81.0,75.0,20.71,2022-06-23 01:15:23
"ginir,et",Ginir,ET,7.1333,40.7,55.15,88.0,99.0,7.11,2022-06-23 01:15:23
"shilka,ru",Shilka,RU,51.85,116.0333,70.7,49.0,19.0,7.45,2022-06-23 01:15:24
"bjornevatn,no",Bjornevatn,NO,69.6672,29.9847,46.02,87.0,0.0,8.05,2022-06-23 01:10:50
"nanortalik,gl",Nanortalik,GL,60.1432,-45.2371,40.96,79.0,0.0,16.28,2022-06-23 01:15:25
"ibirite,br",Ibirite,BR,-20.0219,-44.0589,64.11,57.0,9.0,3.18,2022-06-23 01:15:25
"marienburg,sr",Marienburg,SR,5.8469,-55.0216,75.99,91.0,94.0,5.21,2022-06-23 01:15:25
"huari,pe",Huari,PE,-9.3333,-77.2333,41.09,90.0,2.0,4.47,2022-06-23 01:15:25
"longyearbyen,sj",Longyearbyen,SJ,78.2186,15.6401,44.44,70.0,75.0,18.41,2022-06-23 01:15:26
"igarka,ru",Igarka,RU,67.4667,86.5833,74.82,39.0,0.0,6.02,2022-06-23 01:15:26
"kavieng,pg",Kavieng,PG,-2.5744,150.7967,84.87,67.0,100.0,5.1,2022-06-23 01:11:53
"cuiluan,cn",Cuiluan,CN,47.72,128.648,68.67,89.0,100.0,3.27,2022-06-23 01:11:57
"colares,pt",Colares,PT,38.7992,-9.4469,65.75,73.0,42.0,15.99,2022-06-23 01:12:22
"qaanaaq,gl",Qaanaaq,GL,77.484,-69.3632,38.98,62.0,20.0,1.81,2022-06-23 01:15:27
"palia kalan,in",Palia Kalan,IN,28.45,80.5833,87.08,47.0,8.0,4.5,2022-06-23 01:15:27
"nizwa,om",Nizwa,OM,22.9333,57.5333,80.58,70.0,3.0,2.82,2022-06-23 01:15:27
"gap,fr",Gap,FR,44.6667,6.0,48.83,86.0,98.0,4.29,2022-06-23 01:15:28
"yonezawa,jp",Yonezawa,JP,37.9167,140.1167,77.16,70.0,100.0,2.53,2022-06-23 01:10:45
"constitucion,mx",Constitucion,MX,23.9912,-104.6749,72.14,51.0,74.0,15.01,2022-06-23 01:15:28
"mahur,in",Mahur,IN,25.1667,93.1167,70.84,95.0,91.0,2.46,2022-06-23 01:15:29
"ibotirama,br",Ibotirama,BR,-12.1853,-43.2206,73.78,43.0,95.0,3.44,2022-06-23 01:15:29
"eureka,us",Eureka,US,40.8021,-124.1637,67.19,73.0,10.0,5.99,2022-06-23 01:15:29
"kuching,my",Kuching,MY,1.55,110.3333,77.22,94.0,20.0,5.01,2022-06-23 01:15:09
"mayo,ca",Mayo,CA,63.5927,-135.8998,72.16,32.0,97.0,3.98,2022-06-23 01:12:32
"tautira,pf",Tautira,PF,-17.7333,-149.15,79.43,71.0,22.0,12.1,2022-06-23 01:15:30
"portland,au",Portland,AU,-38.3333,141.6,57.78,74.0,100.0,17.47,2022-06-23 01:15:30
"arcachon,fr",Arcachon,FR,44.5875,-1.0519,63.41,94.0,0.0,2.3,2022-06-23 01:11:57
"takapau,nz",Takapau,NZ,-40.0333,176.35,52.74,66.0,97.0,3.96,2022-06-23 01:12:32
"del rio,us",Del Rio,US,29.3627,-100.8968,96.91,32.0,20.0,12.66,2022-06-23 01:15:31
"te anau,nz",Te Anau,NZ,-45.4167,167.7167,44.94,68.0,76.0,1.16,2022-06-23 01:12:10
"flin flon,ca",Flin Flon,CA,54.7682,-101.865,60.49,78.0,100.0,6.06,2022-06-23 01:15:31
"yar-sale,ru",Yar-Sale,RU,66.8333,70.8333,69.94,61.0,7.0,6.42,2022-06-23 01:15:31
"lebedyn,ua",Lebedyn,UA,50.5852,34.4849,53.91,97.0,100.0,6.89,2022-06-23 01:11:37
"zhezkazgan,kz",Zhezkazgan,KZ,47.8043,67.7144,74.77,44.0,9.0,6.62,2022-06-23 01:11:47
"kruisfontein,za",Kruisfontein,ZA,-34.0033,24.7314,59.9,57.0,100.0,6.42,2022-06-23 01:15:32
"provideniya,ru",Provideniya,RU,64.3833,-173.3,41.36,100.0,100.0,15.99,2022-06-23 01:15:32
"sydney,ca",Sydney,CA,46.1351,-60.1831,60.96,87.0,75.0,11.5,2022-06-23 01:15:33
"banepa,np",Banepa,NP,27.6298,85.5214,70.12,88.0,75.0,3.44,2022-06-23 01:15:33
"imeni babushkina,ru",Imeni Babushkina,RU,59.7573,43.1285,49.48,88.0,98.0,3.98,2022-06-23 01:15:33
"zarand,ir",Zarand,IR,30.8127,56.564,75.67,16.0,0.0,2.75,2022-06-23 01:15:33
"lerwick,gb",Lerwick,GB,60.1545,-1.1494,51.8,95.0,100.0,20.62,2022-06-23 01:15:34
"mozarlandia,br",Mozarlandia,BR,-14.7447,-50.5706,72.73,41.0,7.0,3.2,2022-06-23 01:15:34
"cabra,ph",Cabra,PH,13.8883,120.0494,82.72,76.0,100.0,17.98,2022-06-23 01:15:34
"batemans bay,au",Batemans Bay,AU,-35.7167,150.1833,58.98,51.0,100.0,3.44,2022-06-23 01:15:34
"komsomolskiy,ru",Komsomolskiy,RU,43.9783,46.6985,71.29,67.0,100.0,12.64,2022-06-23 01:15:35
"severo-kurilsk,ru",Severo-Kurilsk,RU,50.6789,156.125,48.2,88.0,75.0,17.13,2022-06-23 01:15:35
"hilo,us",Hilo,US,19.7297,-155.09,84.27,80.0,100.0,5.75,2022-06-23 01:15:35
"mar del plata,ar",Mar Del Plata,AR,-38.0023,-57.5575,41.95,68.0,19.0,4.61,2022-06-23 01:15:35
"mantua,cu",Mantua,CU,22.2889,-84.2844,77.63,80.0,39.0,7.34,2022-06-23 01:15:36
"kargasok,ru",Kargasok,RU,59.0556,80.8572,60.76,85.0,7.0,6.46,2022-06-23 01:15:36
"voskresenskoye,ru",Voskresenskoye,RU,56.8381,45.4317,49.53,98.0,9.0,5.59,2022-06-23 01:15:36
"bar-le-duc,fr",Bar-Le-Duc,FR,48.75,5.1667,62.98,94.0,2.0,7.58,2022-06-23 01:15:36
"amga,ru",Amga,RU,60.8953,131.9608,77.52,38.0,11.0,4.85,2022-06-23 01:10:40
"east london,za",East London,ZA,-33.0153,27.9116,62.26,80.0,100.0,10.54,2022-06-23 01:15:37
"iqaluit,ca",Iqaluit,CA,63.7506,-68.5145,38.93,75.0,75.0,3.44,2022-06-23 01:15:37
"iwanai,jp",Iwanai,JP,42.9744,140.5089,60.64,97.0,100.0,8.14,2022-06-23 01:15:26
"kasama,zm",Kasama,ZM,-10.2129,31.1808,47.64,96.0,0.0,3.53,2022-06-23 01:15:38
"akita,jp",Akita,JP,39.7167,140.1167,76.1,66.0,99.0,6.78,2022-06-23 01:10:55
"esperance,au",Esperance,AU,-33.8667,121.9,60.48,79.0,100.0,13.31,2022-06-23 01:15:01
"ushuaia,ar",Ushuaia,AR,-54.8,-68.3,35.26,93.0,100.0,23.02,2022-06-23 01:15:38
"staryy nadym,ru",Staryy Nadym,RU,65.6118,72.6842,72.66,59.0,7.0,7.38,2022-06-23 01:12:42
"tupik,ru",Tupik,RU,54.4253,119.9327,57.58,95.0,100.0,5.46,2022-06-23 01:15:39
"talara,pe",Talara,PE,-4.5772,-81.2719,63.77,86.0,44.0,17.16,2022-06-23 01:15:39
"beloha,mg",Beloha,MG,-25.1667,45.05,59.61,68.0,3.0,9.91,2022-06-23 01:15:40
"vila velha,br",Vila Velha,BR,-20.3297,-40.2925,73.35,93.0,40.0,5.75,2022-06-23 01:15:11
"klaksvik,fo",Klaksvik,FO,62.2266,-6.589,50.92,85.0,100.0,18.3,2022-06-23 01:15:40
"marsh harbour,bs",Marsh Harbour,BS,26.5412,-77.0636,77.36,61.0,100.0,10.58,2022-06-23 01:15:40
"oskarshamn,se",Oskarshamn,SE,57.2645,16.4484,50.99,82.0,100.0,6.76,2022-06-23 01:15:41
"luderitz,na",Luderitz,NA,-26.6481,15.1594,56.08,72.0,0.0,7.2,2022-06-23 01:15:41
"westerland,de",Westerland,DE,54.9079,8.3033,56.01,88.0,100.0,2.3,2022-06-23 01:12:36
"albany,au",Albany,AU,-35.0169,117.8917,59.74,80.0,100.0,10.51,2022-06-23 01:15:42
"wiwili,ni",Wiwili,NI,13.6268,-85.8254,73.83,84.0,51.0,3.89,2022-06-23 01:15:43
"labuhan,id",Labuhan,ID,-6.8844,112.2051,79.72,77.0,99.0,7.92,2022-06-23 01:15:43
"tutoia,br",Tutoia,BR,-2.7619,-42.2744,77.27,85.0,100.0,9.93,2022-06-23 01:11:28
"venustiano carranza,mx",Venustiano Carranza,MX,19.43,-99.0992,62.58,72.0,100.0,1.01,2022-06-23 01:15:43
"belmonte,br",Belmonte,BR,-15.8631,-38.8828,72.43,88.0,15.0,5.95,2022-06-23 01:15:44
"nkoteng,cm",Nkoteng,CM,4.5167,12.0333,67.05,99.0,100.0,4.68,2022-06-23 01:11:02
"udachnyy,ru",Udachnyy,RU,66.4167,112.4,79.45,47.0,34.0,8.5,2022-06-23 01:15:44
"san luis,ar",San Luis,AR,-33.295,-66.3356,40.44,75.0,70.0,8.52,2022-06-23 01:15:45
"uvalde,us",Uvalde,US,29.3669,-99.767,95.14,25.0,75.0,11.5,2022-06-23 01:15:45
"huarmey,pe",Huarmey,PE,-10.0681,-78.1522,63.07,82.0,5.0,10.38,2022-06-23 01:15:45
"kaitangata,nz",Kaitangata,NZ,-46.2817,169.8464,44.83,48.0,83.0,3.22,2022-06-23 01:15:46
"point pedro,lk",Point Pedro,LK,9.8167,80.2333,82.35,78.0,100.0,19.95,2022-06-23 01:15:46
"ahuimanu,us",Ahuimanu,US,21.4447,-157.8378,83.34,65.0,75.0,16.11,2022-06-23 01:15:47
"yeppoon,au",Yeppoon,AU,-23.1333,150.7333,71.38,59.0,0.0,9.15,2022-06-23 01:15:47
"bathsheba,bb",Bathsheba,BB,13.2167,-59.5167,81.21,83.0,40.0,13.8,2022-06-23 01:15:48
"kahului,us",Kahului,US,20.8947,-156.47,82.98,65.0,40.0,20.71,2022-06-23 01:15:48
"vukovar,hr",Vukovar,HR,45.3433,18.9997,68.07,94.0,75.0,6.91,2022-06-23 01:15:48
"tottori,jp",Tottori,JP,35.5,134.2333,83.12,66.0,100.0,3.09,2022-06-23 01:15:05
"hella,is",Hella,IS,63.8355,-20.3987,42.93,81.0,100.0,6.62,2022-06-23 01:12:37
"oussouye,sn",Oussouye,SN,12.485,-16.5469,81.34,82.0,100.0,7.05,2022-06-23 01:15:49
"zhangjiakou,cn",Zhangjiakou,CN,40.81,114.8794,72.73,50.0,0.0,4.38,2022-06-23 01:11:22
"nishihara,jp",Nishihara,JP,26.1842,127.7558,87.85,76.0,20.0,12.66,2022-06-23 01:13:15
"nambucca heads,au",Nambucca Heads,AU,-30.65,153.0,66.2,50.0,0.0,0.98,2022-06-23 01:15:50
"yichang,cn",Yichang,CN,30.7144,111.2847,84.31,81.0,100.0,2.08,2022-06-23 01:10:52
"dhidhdhoo,mv",Dhidhdhoo,MV,6.8833,73.1,82.85,72.0,100.0,13.11,2022-06-23 01:15:51
"ayan,ru",Ayan,RU,56.45,138.1667,47.7,95.0,100.0,11.95,2022-06-23 01:15:51
"zabid,ye",Zabid,YE,14.1951,43.3152,86.56,64.0,77.0,9.28,2022-06-23 01:15:51
"ketchikan,us",Ketchikan,US,55.3422,-131.6461,55.08,63.0,100.0,4.92,2022-06-23 01:15:52
"nabire,id",Nabire,ID,-3.3667,135.4833,81.03,82.0,29.0,2.51,2022-06-23 01:15:52
"aklavik,ca",Aklavik,CA,68.2191,-135.0107,77.14,27.0,100.0,12.68,2022-06-23 01:15:52
"escanaba,us",Escanaba,US,45.7453,-87.0646,69.76,43.0,0.0,4.61,2022-06-23 01:15:52
"nuevo progreso,mx",Nuevo Progreso,MX,23.1667,-97.95,80.55,83.0,98.0,5.5,2022-06-23 01:15:53
"neiafu,to",Neiafu,TO,-18.65,-173.9833,79.48,69.0,20.0,9.22,2022-06-23 01:15:53
"mountain home,us",Mountain Home,US,43.133,-115.6912,89.08,13.0,0.0,4.61,2022-06-23 01:15:54
"lokhvytsya,ua",Lokhvytsya,UA,50.3678,33.2602,57.65,96.0,100.0,12.55,2022-06-23 01:15:54
"robe,et",Robe,ET,7.1243,40.0081,51.1,88.0,100.0,4.94,2022-06-23 01:15:55
"fagersta,se",Fagersta,SE,60.0042,15.7932,57.65,87.0,100.0,7.09,2022-06-23 01:15:55
"fort-shevchenko,kz",Fort-Shevchenko,KZ,44.5086,50.263,74.19,79.0,99.0,12.17,2022-06-23 01:15:55
"omboue,ga",Omboue,GA,-1.5746,9.2618,68.92,89.0,12.0,5.84,2022-06-23 01:15:56
"alexandria,eg",Alexandria,EG,31.2156,29.9553,76.19,78.0,0.0,9.01,2022-06-23 01:15:56
"la plata,ar",La Plata,AR,-34.9215,-57.9545,43.83,64.0,100.0,10.27,2022-06-23 01:15:56
"cap malheureux,mu",Cap Malheureux,MU,-19.9842,57.6142,66.47,76.0,28.0,3.0,2022-06-23 01:15:56
"laguna,br",Laguna,BR,-28.4825,-48.7808,63.99,94.0,100.0,11.52,2022-06-23 01:15:57
"oriximina,br",Oriximina,BR,-1.7656,-55.8661,75.42,82.0,12.0,3.74,2022-06-23 01:15:57
"mehamn,no",Mehamn,NO,71.0357,27.8492,42.75,87.0,24.0,10.36,2022-06-23 01:15:58
"abdulino,ru",Abdulino,RU,53.7,53.6667,62.53,92.0,93.0,7.74,2022-06-23 01:12:26
"iwaki,jp",Iwaki,JP,37.05,140.8833,75.81,91.0,100.0,6.04,2022-06-23 01:15:58
"kulhudhuffushi,mv",Kulhudhuffushi,MV,6.6221,73.07,82.56,73.0,100.0,12.28,2022-06-23 01:15:58
"jumla,np",Jumla,NP,29.2747,82.1838,61.0,88.0,86.0,2.44,2022-06-23 01:12:02
"kota tinggi,my",Kota Tinggi,MY,1.7381,103.8999,84.24,71.0,100.0,3.67,2022-06-23 01:15:12
"los llanos de aridane,es",Los Llanos De Aridane,ES,28.6585,-17.9182,65.95,89.0,100.0,9.22,2022-06-23 01:12:50
"eyl,so",Eyl,SO,7.9803,49.8164,77.18,76.0,100.0,24.72,2022-06-23 01:15:59
"port elizabeth,za",Port Elizabeth,ZA,-33.918,25.5701,59.31,87.0,100.0,3.44,2022-06-23 01:15:59
"dehui,cn",Dehui,CN,44.5333,125.7,66.22,97.0,100.0,6.38,2022-06-23 01:16:00
"havre,us",Havre,US,48.55,-109.6841,82.67,24.0,0.0,6.91,2022-06-23 01:12:58
"semey,kz",Semey,KZ,50.4111,80.2275,71.82,40.0,0.0,6.71,2022-06-23 01:16:00
"nehe,cn",Nehe,CN,48.4833,124.8333,77.94,62.0,100.0,7.87,2022-06-23 01:16:00
"ismailia,eg",Ismailia,EG,30.6043,32.2723,69.85,79.0,0.0,4.97,2022-06-23 01:12:48
"lodja,cd",Lodja,CD,-3.4833,23.4333,74.57,57.0,85.0,0.47,2022-06-23 01:12:44
"san patricio,mx",San Patricio,MX,19.2167,-104.7,82.51,74.0,75.0,4.61,2022-06-23 01:16:01
"dingle,ie",Dingle,IE,52.1408,-10.2689,54.37,91.0,4.0,1.07,2022-06-23 01:11:37
"honningsvag,no",Honningsvag,NO,70.9821,25.9704,44.35,81.0,55.0,10.36,2022-06-23 01:16:02
"hobyo,so",Hobyo,SO,5.3505,48.5268,77.41,79.0,100.0,23.51,2022-06-23 01:16:02
"north bend,us",North Bend,US,43.4065,-124.2243,71.92,79.0,100.0,26.46,2022-06-23 01:16:02
"biloela,au",Biloela,AU,-24.4167,150.5,69.12,43.0,0.0,8.37,2022-06-23 01:16:02
"shingu,jp",Shingu,JP,33.7333,135.9833,80.83,73.0,20.0,5.28,2022-06-23 01:16:03
"muncar,id",Muncar,ID,-8.4333,114.3333,79.66,84.0,88.0,9.26,2022-06-23 01:16:03
"sao cristovao,br",Sao Cristovao,BR,-11.0147,-37.2064,73.31,88.0,75.0,4.61,2022-06-23 01:16:03
"hai duong,vn",Hai Duong,VN,20.9333,106.3167,84.2,63.0,5.0,13.56,2022-06-23 01:16:04
"saurimo,ao",Saurimo,AO,-9.6608,20.3916,58.84,54.0,0.0,4.07,2022-06-23 01:16:04
"silikatnyy,ru",Silikatnyy,RU,53.9896,48.3275,56.57,99.0,100.0,8.59,2022-06-23 01:16:04
"phuket,th",Phuket,TH,8.0,98.25,87.13,83.0,20.0,3.44,2022-06-23 01:12:36
"fontanafredda,it",Fontanafredda,IT,45.9736,12.5691,71.94,84.0,39.0,4.7,2022-06-23 01:16:04
"cabo san lucas,mx",Cabo San Lucas,MX,22.8909,-109.9124,92.5,51.0,0.0,16.11,2022-06-23 01:16:05
"nanga eboko,cm",Nanga Eboko,CM,4.6833,12.3667,66.25,99.0,100.0,2.51,2022-06-23 01:16:05
"poum,nc",Poum,NC,-20.2333,164.0167,72.82,59.0,100.0,3.87,2022-06-23 01:16:06
"san andres,co",San Andres,CO,12.5847,-81.7006,82.42,83.0,40.0,11.5,2022-06-23 01:16:06
"ribeira grande,pt",Ribeira Grande,PT,38.5167,-28.7,65.34,83.0,97.0,17.85,2022-06-23 01:16:06
"butaritari,ki",Butaritari,KI,3.0707,172.7902,81.46,77.0,98.0,10.83,2022-06-23 01:16:07
"adrar,dz",Adrar,DZ,25.75,-1.0,93.24,14.0,0.0,11.43,2022-06-23 01:16:07
"alice springs,au",Alice Springs,AU,-23.7,133.8833,62.15,45.0,0.0,12.66,2022-06-23 01:16:07
"mount isa,au",Mount Isa,AU,-20.7333,139.5,73.17,31.0,0.0,16.11,2022-06-23 01:16:08
"massakory,td",Massakory,TD,12.996,15.7293,87.84,44.0,70.0,6.62,2022-06-23 01:16:08
"sao joao da barra,br",Sao Joao Da Barra,BR,-21.6403,-41.0511,71.82,91.0,1.0,14.83,2022-06-23 01:16:08
"ust-ilimsk,ru",Ust-Ilimsk,RU,58.0006,102.6619,61.32,56.0,5.0,1.03,2022-06-23 01:16:09
"tasiilaq,gl",Tasiilaq,GL,65.6145,-37.6368,30.36,81.0,10.0,5.48,2022-06-23 01:16:09
"sambava,mg",Sambava,MG,-14.2667,50.1667,68.32,66.0,96.0,10.22,2022-06-23 01:16:09
"port lincoln,au",Port Lincoln,AU,-34.7333,135.8667,61.43,58.0,3.0,20.31,2022-06-23 01:16:10
"birobidzhan,ru",Birobidzhan,RU,48.8,132.95,66.63,91.0,100.0,3.62,2022-06-23 01:16:10
"ust-tsilma,ru",Ust-Tsilma,RU,65.441,52.1498,43.14,81.0,100.0,7.74,2022-06-23 01:16:10
"malanje,ao",Malanje,AO,-9.5402,16.341,62.8,71.0,3.0,3.85,2022-06-23 01:16:11
"motala,se",Motala,SE,58.5371,15.0365,53.87,77.0,100.0,10.42,2022-06-23 01:11:20
"fairbanks,us",Fairbanks,US,64.8378,-147.7164,77.09,37.0,0.0,5.75,2022-06-23 01:16:11
"rudnogorsk,ru",Rudnogorsk,RU,57.2639,103.7519,58.42,64.0,17.0,3.11,2022-06-23 01:16:12
"chalchihuites,mx",Chalchihuites,MX,23.4833,-103.8833,70.36,41.0,95.0,17.07,2022-06-23 01:16:12
"emsdetten,de",Emsdetten,DE,52.1833,7.5333,61.14,84.0,0.0,2.3,2022-06-23 01:12:19
"merrill,us",Merrill,US,45.1805,-89.6835,73.58,40.0,0.0,4.61,2022-06-23 01:16:13
"eenhana,na",Eenhana,NA,-17.4667,16.3333,46.87,35.0,0.0,3.31,2022-06-23 01:16:13
"chibombo,zm",Chibombo,ZM,-14.6569,28.0706,50.41,82.0,0.0,4.99,2022-06-23 01:16:13
"hambantota,lk",Hambantota,LK,6.1241,81.1185,79.97,79.0,100.0,15.46,2022-06-23 01:16:14
"hirara,jp",Hirara,JP,24.8,125.2833,83.95,80.0,0.0,14.54,2022-06-23 01:14:32
"labelle,ca",Labelle,CA,46.2834,-74.7326,69.35,98.0,100.0,7.18,2022-06-23 01:16:14
"chuy,uy",Chuy,UY,-33.6971,-53.4616,51.6,69.0,100.0,10.09,2022-06-23 01:16:14
"talnakh,ru",Talnakh,RU,69.4865,88.3972,79.21,29.0,0.0,5.35,2022-06-23 01:16:15
"anadyr,ru",Anadyr,RU,64.75,177.4833,55.9,71.0,75.0,17.9,2022-06-23 01:16:15
"kaeo,nz",Kaeo,NZ,-35.1,173.7833,62.33,79.0,92.0,8.37,2022-06-23 01:16:15
"warri,ng",Warri,NG,5.5167,5.75,72.54,97.0,100.0,1.66,2022-06-23 01:16:16
"channel-port aux basques,ca",Channel-Port Aux Basques,CA,47.5702,-59.1367,53.01,91.0,0.0,10.09,2022-06-23 01:16:16
"pyskowice,pl",Pyskowice,PL,50.4,18.6333,58.75,80.0,67.0,1.99,2022-06-23 01:16:16
"nata,bw",Nata,BW,-20.2167,26.1833,50.9,65.0,0.0,10.07,2022-06-23 01:16:16
"prince george,ca",Prince George,CA,53.9166,-122.753,57.25,50.0,100.0,1.99,2022-06-23 01:11:38
"amapa,br",Amapa,BR,1.0,-52.0,71.71,98.0,69.0,0.29,2022-06-23 01:16:17
"rudbar,af",Rudbar,AF,30.15,62.6,83.12,16.0,5.0,10.45,2022-06-23 01:12:41
"hobart,au",Hobart,AU,-42.8794,147.3294,58.23,76.0,75.0,8.05,2022-06-23 01:15:41
"namatanai,pg",Namatanai,PG,-3.6667,152.4333,85.35,66.0,93.0,4.29,2022-06-23 01:16:18
"krasnokamensk,ru",Krasnokamensk,RU,50.0979,118.0369,66.99,57.0,100.0,4.12,2022-06-23 01:16:19
"oistins,bb",Oistins,BB,13.0667,-59.5333,80.69,83.0,40.0,13.8,2022-06-23 01:16:19
"svetlyy,ru",Svetlyy,RU,54.675,20.1347,50.05,84.0,2.0,2.91,2022-06-23 01:16:19
"port augusta,au",Port Augusta,AU,-32.5,137.7667,62.08,59.0,0.0,14.79,2022-06-23 01:16:20
"vestmanna,fo",Vestmanna,FO,62.1564,-7.1664,49.12,87.0,100.0,14.97,2022-06-23 01:16:20
"puerto madryn,ar",Puerto Madryn,AR,-42.7692,-65.0385,35.6,45.0,56.0,2.08,2022-06-23 01:16:21
"sawakin,sd",Sawakin,SD,19.1059,37.3321,82.87,67.0,87.0,5.55,2022-06-23 01:16:21
"meulaboh,id",Meulaboh,ID,4.1363,96.1285,76.23,87.0,100.0,4.76,2022-06-23 01:16:21
"geraldton,au",Geraldton,AU,-28.7667,114.6,55.81,94.0,100.0,12.66,2022-06-23 01:14:35
"mendi,et",Mendi,ET,9.8,35.1,58.8,96.0,100.0,1.74,2022-06-23 01:16:22
"castelo do piaui,br",Castelo Do Piaui,BR,-5.3222,-41.5525,77.11,61.0,100.0,8.21,2022-06-23 01:16:23
"vestmannaeyjar,is",Vestmannaeyjar,IS,63.4427,-20.2734,46.78,74.0,100.0,4.03,2022-06-23 01:16:23
"pudozh,ru",Pudozh,RU,61.8099,36.5345,46.98,82.0,49.0,1.99,2022-06-23 01:16:23
"vieux-habitants,gp",Vieux-Habitants,GP,16.0589,-61.7659,78.37,74.0,4.0,7.87,2022-06-23 01:16:23
"mahon,es",Mahon,ES,39.8885,4.2658,73.96,83.0,100.0,12.66,2022-06-23 01:16:24
"barentu,er",Barentu,ER,15.1139,37.5928,71.69,58.0,52.0,10.07,2022-06-23 01:16:24
"cockburn town,tc",Cockburn Town,TC,21.4612,-71.1419,81.14,74.0,2.0,9.75,2022-06-23 01:16:24
"kirakira,sb",Kirakira,SB,-10.4544,161.9205,83.86,72.0,50.0,5.79,2022-06-23 01:16:24
"wawa,ca",Wawa,CA,47.9834,-84.7832,55.87,74.0,0.0,5.88,2022-06-23 01:16:24
"kilindoni,tz",Kilindoni,TZ,-7.9139,39.6668,77.43,70.0,2.0,19.55,2022-06-23 01:16:25
"floro,no",Floro,NO,61.5996,5.0328,55.24,100.0,100.0,27.63,2022-06-23 01:16:25
"warman,ca",Warman,CA,52.3168,-106.5679,69.57,62.0,89.0,5.73,2022-06-23 01:11:39
"fergus falls,us",Fergus Falls,US,46.283,-96.0776,81.66,41.0,0.0,8.05,2022-06-23 01:16:26
"sakakah,sa",Sakakah,SA,29.9697,40.2064,78.37,42.0,0.0,9.51,2022-06-23 01:16:26
"punta alta,ar",Punta Alta,AR,-38.8759,-62.0736,41.7,66.0,100.0,4.47,2022-06-23 01:16:26
"triolet,mu",Triolet,MU,-20.0547,57.5453,66.27,76.0,9.0,3.0,2022-06-23 01:12:53
"havre-saint-pierre,ca",Havre-Saint-Pierre,CA,50.2334,-63.5986,55.76,88.0,100.0,10.36,2022-06-23 01:16:27
"karatsu,jp",Karatsu,JP,33.4425,129.9697,84.09,73.0,24.0,16.2,2022-06-23 01:12:45
"panacan,ph",Panacan,PH,9.2463,118.4082,84.06,74.0,86.0,5.35,2022-06-23 01:16:27
"victor harbor,au",Victor Harbor,AU,-35.5667,138.6167,62.01,70.0,100.0,3.0,2022-06-23 01:16:28
"dikson,ru",Dikson,RU,73.5069,80.5464,38.19,91.0,100.0,17.4,2022-06-23 01:16:28
"acapulco,mx",Acapulco,MX,16.8634,-99.8901,76.82,88.0,100.0,13.8,2022-06-23 01:16:28
"denpasar,id",Denpasar,ID,-8.65,115.2167,82.06,83.0,75.0,18.41,2022-06-23 01:11:50
"mbanza-ngungu,cd",Mbanza-Ngungu,CD,-5.25,14.8667,64.56,83.0,16.0,5.44,2022-06-23 01:16:28
"kurumkan,ru",Kurumkan,RU,54.3,110.3,64.49,45.0,0.0,2.73,2022-06-23 01:12:30
"praia,cv",Praia,CV,14.9215,-23.5087,75.74,94.0,75.0,11.5,2022-06-23 01:16:29
"biu,ng",Biu,NG,10.6129,12.1946,71.22,79.0,73.0,3.29,2022-06-23 01:12:33
"imbituba,br",Imbituba,BR,-28.24,-48.6703,64.09,94.0,100.0,4.0,2022-06-23 01:16:29
"victoria,sc",Victoria,SC,-4.6167,55.45,76.26,83.0,20.0,8.05,2022-06-23 01:16:30
"kibara,tz",Kibara,TZ,-2.15,33.45,69.73,64.0,54.0,6.91,2022-06-23 01:16:30
"johnshaven,gb",Johnshaven,GB,56.7949,-2.3358,53.89,92.0,97.0,8.86,2022-06-23 01:16:30
"bengkulu,id",Bengkulu,ID,-3.8004,102.2655,76.37,88.0,100.0,3.53,2022-06-23 01:16:31
"zhigansk,ru",Zhigansk,RU,66.7697,123.3711,57.79,51.0,75.0,9.75,2022-06-23 01:16:31
"wilhelmsburg,at",Wilhelmsburg,AT,48.1057,15.6054,64.22,91.0,100.0,0.74,2022-06-23 01:16:31
"mandalgovi,mn",Mandalgovi,MN,45.7625,106.2708,66.79,38.0,0.0,12.41,2022-06-23 01:16:32
"jamsa,fi",Jamsa,FI,61.8642,25.19,54.32,77.0,100.0,6.38,2022-06-23 01:16:32
"cape town,za",Cape Town,ZA,-33.9258,18.4232,60.12,95.0,75.0,6.91,2022-06-23 01:16:32
"shimoda,jp",Shimoda,JP,34.6667,138.95,73.76,88.0,88.0,4.81,2022-06-23 01:15:03
"kiunga,pg",Kiunga,PG,-6.1219,141.2906,79.14,83.0,90.0,3.71,2022-06-23 01:16:33
"banikoara,bj",Banikoara,BJ,11.2985,2.4386,74.91,78.0,46.0,3.94,2022-06-23 01:16:33
"dunedin,nz",Dunedin,NZ,-45.8742,170.5036,51.8,58.0,100.0,1.34,2022-06-23 01:11:57
"saskylakh,ru",Saskylakh,RU,71.9167,114.0833,51.71,42.0,42.0,9.06,2022-06-23 01:16:34
"luebo,cd",Luebo,CD,-5.35,21.4167,67.51,58.0,32.0,1.01,2022-06-23 01:16:34
"genhe,cn",Genhe,CN,50.7833,121.5167,74.64,41.0,100.0,2.55,2022-06-23 01:16:34
"kendari,id",Kendari,ID,-3.945,122.4989,73.72,98.0,100.0,3.04,2022-06-23 01:16:35
"mahebourg,mu",Mahebourg,MU,-20.4081,57.7,70.09,73.0,40.0,8.05,2022-06-23 01:16:36
"qasigiannguit,gl",Qasigiannguit,GL,68.8193,-51.1922,37.65,98.0,100.0,2.15,2022-06-23 01:16:36
"riyadh,sa",Riyadh,SA,24.6877,46.7219,89.74,11.0,1.0,7.14,2022-06-23 01:13:11
"ganzhou,cn",Ganzhou,CN,28.8184,115.4327,78.87,91.0,100.0,8.16,2022-06-23 01:16:37
"paamiut,gl",Paamiut,GL,61.994,-49.6678,37.31,93.0,14.0,22.93,2022-06-23 01:16:37
"lokosovo,ru",Lokosovo,RU,61.1333,74.8167,60.48,84.0,0.0,5.84,2022-06-23 01:16:37
"santa cruz,cr",Santa Cruz,CR,10.2605,-85.5851,79.16,86.0,99.0,4.52,2022-06-23 01:16:38
"atuona,pf",Atuona,PF,-9.8,-139.0333,78.35,63.0,0.0,19.64,2022-06-23 01:16:38
"wakkanai,jp",Wakkanai,JP,45.4094,141.6739,56.84,93.0,100.0,5.21,2022-06-23 01:12:58
"muisne,ec",Muisne,EC,0.6,-80.0333,74.66,86.0,99.0,12.24,2022-06-23 01:16:39
"shchigry,ru",Shchigry,RU,51.8755,36.9043,60.62,97.0,100.0,12.06,2022-06-23 01:16:39
"bosaso,so",Bosaso,SO,11.2842,49.1816,88.83,44.0,100.0,15.01,2022-06-23 01:16:39
"kiama,au",Kiama,AU,-34.6833,150.8667,63.37,59.0,98.0,6.02,2022-06-23 01:16:40
"torbay,ca",Torbay,CA,47.6666,-52.7314,59.77,75.0,40.0,12.66,2022-06-23 01:16:40
"conceicao do araguaia,br",Conceicao Do Araguaia,BR,-8.2578,-49.2647,79.14,52.0,100.0,2.35,2022-06-23 01:16:40
"narasannapeta,in",Narasannapeta,IN,18.4167,84.05,82.09,76.0,100.0,3.65,2022-06-23 01:16:41
"diego de almagro,cl",Diego De Almagro,CL,-26.3667,-70.05,45.82,61.0,4.0,1.34,2022-06-23 01:16:41
"hamilton,bm",Hamilton,BM,32.2915,-64.778,71.64,83.0,20.0,4.61,2022-06-23 01:13:15
"rawson,ar",Rawson,AR,-43.3002,-65.1023,36.45,49.0,1.0,6.13,2022-06-23 01:16:42
"bandiagara,ml",Bandiagara,ML,14.3501,-3.6104,81.72,55.0,100.0,8.72,2022-06-23 01:16:42
"guerrero negro,mx",Guerrero Negro,MX,27.9769,-114.0611,73.87,59.0,0.0,18.21,2022-06-23 01:16:42
"fort morgan,us",Fort Morgan,US,40.2503,-103.8,81.25,32.0,0.0,9.22,2022-06-23 01:16:42
"luis moya,mx",Luis Moya,MX,22.4324,-102.2486,66.47,57.0,51.0,22.55,2022-06-23 01:12:31
"vardo,no",Vardo,NO,70.3705,31.1107,42.78,93.0,100.0,5.75,2022-06-23 01:16:43
"xanxere,br",Xanxere,BR,-26.8769,-52.4042,59.56,97.0,6.0,4.88,2022-06-23 01:14:58
"pevek,ru",Pevek,RU,69.7008,170.3133,45.09,60.0,100.0,11.97,2022-06-23 01:16:43
"beyneu,kz",Beyneu,KZ,45.3167,55.2,82.11,32.0,92.0,13.91,2022-06-23 01:16:44
"nowa sol,pl",Nowa Sol,PL,51.8033,15.717,62.06,68.0,1.0,2.1,2022-06-23 01:16:44
"caceres,es",Caceres,ES,39.522,-6.3748,62.1,67.0,100.0,4.38,2022-06-23 01:16:45
"tura,ru",Tura,RU,64.2833,100.25,73.02,44.0,90.0,3.0,2022-06-23 01:16:45
"bethel,us",Bethel,US,41.3712,-73.414,61.65,95.0,99.0,3.8,2022-06-23 01:16:45
"presidencia roque saenz pena,ar",Presidencia Roque Saenz Pena,AR,-26.7852,-60.4388,51.69,76.0,100.0,6.89,2022-06-23 01:16:46
"pandaria,in",Pandaria,IN,22.2333,81.4167,82.06,68.0,99.0,1.41,2022-06-23 01:16:46
"moussoro,td",Moussoro,TD,13.6408,16.4901,90.55,34.0,31.0,7.05,2022-06-23 01:16:46
"fairhope,us",Fairhope,US,30.523,-87.9033,88.75,57.0,0.0,8.99,2022-06-23 01:16:46
"keshod,in",Keshod,IN,21.3,70.25,85.23,67.0,100.0,7.74,2022-06-23 01:16:47
"asyut,eg",Asyut,EG,27.181,31.1837,78.08,43.0,0.0,11.34,2022-06-23 01:16:47
"georgiyevka,ru",Georgiyevka,RU,53.2744,50.9985,61.09,88.0,100.0,5.55,2022-06-23 01:16:47
"paita,pe",Paita,PE,-5.0892,-81.1144,64.96,78.0,95.0,16.69,2022-06-23 01:16:47
"kampene,cd",Kampene,CD,-3.6,26.6667,71.6,66.0,97.0,0.96,2022-06-23 01:16:48
"lesogorsk,ru",Lesogorsk,RU,56.0458,99.5136,65.52,43.0,6.0,3.76,2022-06-23 01:16:48
"lethem,gy",Lethem,GY,3.3803,-59.7968,76.01,86.0,100.0,5.17,2022-06-23 01:16:49
"sembakung,id",Sembakung,ID,3.8167,117.25,80.2,81.0,100.0,2.8,2022-06-23 01:16:49
"kommunar,ru",Kommunar,RU,59.6206,30.39,53.51,75.0,90.0,3.56,2022-06-23 01:16:49
"buala,sb",Buala,SB,-8.145,159.5921,85.06,69.0,29.0,5.57,2022-06-23 01:16:50
"esmeraldas,ec",Esmeraldas,EC,-1.8675,-79.7994,75.2,74.0,91.0,5.75,2022-06-23 01:16:51
"norrtalje,se",Norrtalje,SE,59.758,18.705,61.84,96.0,100.0,5.59,2022-06-23 01:16:51
"puerto baquerizo moreno,ec",Puerto Baquerizo Moreno,EC,-0.9,-89.6,69.67,87.0,95.0,10.98,2022-06-23 01:16:51
"daru,pg",Daru,PG,-9.0763,143.2092,78.64,88.0,78.0,19.73,2022-06-23 01:16:51
"garissa,ke",Garissa,KE,-0.4536,39.6401,72.84,79.0,36.0,14.9,2022-06-23 01:16:52
"abay,kz",Abay,KZ,49.6311,72.8539,61.18,51.0,4.0,0.11,2022-06-23 01:16:52
"samarai,pg",Samarai,PG,-10.6167,150.6667,79.45,83.0,99.0,15.93,2022-06-23 01:16:52
"fort nelson,ca",Fort Nelson,CA,58.8053,-122.7002,56.79,94.0,100.0,8.05,2022-06-23 01:16:52
"touros,br",Touros,BR,-5.1989,-35.4608,74.89,90.0,100.0,6.38,2022-06-23 01:16:52
"norman wells,ca",Norman Wells,CA,65.282,-126.8329,75.24,22.0,20.0,13.8,2022-06-23 01:16:53
"tiksi,ru",Tiksi,RU,71.6872,128.8694,40.66,63.0,100.0,22.86,2022-06-23 01:16:53
"tiarei,pf",Tiarei,PF,-17.5333,-149.3333,80.62,71.0,16.0,11.03,2022-06-23 01:16:54
"teahupoo,pf",Teahupoo,PF,-17.8333,-149.2667,75.16,72.0,53.0,12.55,2022-06-23 01:16:54
"big spring,us",Big Spring,US,32.2504,-101.4787,95.45,27.0,0.0,12.66,2022-06-23 01:16:54
"porto torres,it",Porto Torres,IT,40.835,8.3972,69.98,85.0,83.0,6.55,2022-06-23 01:16:54
"turukhansk,ru",Turukhansk,RU,65.8167,87.9833,77.02,36.0,4.0,10.76,2022-06-23 01:16:54
"calabozo,ve",Calabozo,VE,8.9242,-67.4293,76.03,85.0,100.0,3.4,2022-06-23 01:16:55
"wuda,cn",Wuda,CN,39.4994,106.7117,79.65,35.0,0.0,2.82,2022-06-23 01:16:55
"sisimiut,gl",Sisimiut,GL,66.9395,-53.6735,37.36,85.0,45.0,3.74,2022-06-23 01:16:56
"ossora,ru",Ossora,RU,59.2353,163.0719,50.97,85.0,99.0,7.7,2022-06-23 01:16:56
"broken hill,au",Broken Hill,AU,-31.95,141.4333,58.77,55.0,100.0,12.97,2022-06-23 01:16:57
"kavaratti,in",Kavaratti,IN,10.5669,72.642,81.97,79.0,100.0,18.57,2022-06-23 01:16:57
"avarua,ck",Avarua,CK,-21.2078,-159.775,82.45,78.0,75.0,18.41,2022-06-23 01:16:58
"jamestown,sh",Jamestown,SH,-15.9387,-5.7168,64.96,69.0,100.0,26.96,2022-06-23 01:16:58
"besuki,id",Besuki,ID,-7.7338,113.6979,82.27,68.0,100.0,0.83,2022-06-23 01:12:42
"pitimbu,br",Pitimbu,BR,-7.4706,-34.8086,70.39,84.0,100.0,6.98,2022-06-23 01:16:58
"ayagoz,kz",Ayagoz,KZ,47.9714,80.4392,75.61,36.0,94.0,12.3,2022-06-23 01:16:59
"ulaanbaatar,mn",Ulaanbaatar,MN,47.9077,106.8832,59.13,63.0,20.0,2.24,2022-06-23 01:13:12
"nago,jp",Nago,JP,26.5881,127.9761,88.65,79.0,0.0,9.51,2022-06-23 01:13:40
"isangel,vu",Isangel,VU,-19.55,169.2667,78.91,73.0,75.0,6.91,2022-06-23 01:16:59
"bilibino,ru",Bilibino,RU,68.0546,166.4372,63.7,34.0,100.0,20.92,2022-06-23 01:17:00
"erdenet,mn",Erdenet,MN,49.0333,104.0833,61.03,67.0,32.0,4.41,2022-06-23 01:17:00
"guarapari,br",Guarapari,BR,-20.6667,-40.4975,70.9,91.0,8.0,9.55,2022-06-23 01:17:02
"linxia,cn",Linxia,CN,35.6003,103.2064,68.27,50.0,61.0,0.76,2022-06-23 01:17:02
"upernavik,gl",Upernavik,GL,72.7868,-56.1549,33.98,89.0,100.0,9.98,2022-06-23 01:17:02
"lannion,fr",Lannion,FR,48.75,-3.4167,59.54,88.0,98.0,4.0,2022-06-23 01:17:02
"winslow,us",Winslow,US,35.0242,-110.6974,87.98,20.0,0.0,11.5,2022-06-23 01:17:03
"daura,ng",Daura,NG,11.5538,11.4085,80.22,58.0,12.0,7.02,2022-06-23 01:17:03
"tazovskiy,ru",Tazovskiy,RU,67.4667,78.7,69.8,49.0,63.0,11.79,2022-06-23 01:17:04
"longhua,cn",Longhua,CN,23.6137,114.1919,85.05,71.0,56.0,3.89,2022-06-23 01:17:04
"viseu,br",Viseu,BR,-1.1967,-46.14,73.4,94.0,86.0,4.61,2022-06-23 01:17:04
"elizabeth city,us",Elizabeth City,US,36.2946,-76.2511,73.42,95.0,75.0,5.75,2022-06-23 01:17:04
"wyndham,nz",Wyndham,NZ,-46.3333,168.85,41.77,51.0,82.0,2.19,2022-06-23 01:17:04
"zubtsov,ru",Zubtsov,RU,56.1753,34.5894,48.92,95.0,7.0,5.97,2022-06-23 01:17:05
"ilhabela,br",Ilhabela,BR,-23.7781,-45.3581,72.09,68.0,0.0,3.98,2022-06-23 01:17:05
"qarqin,af",Qarqin,AF,37.4185,66.0436,79.07,31.0,0.0,9.78,2022-06-23 01:17:05
"orlik,ru",Orlik,RU,52.5178,99.825,64.4,51.0,15.0,7.11,2022-06-23 01:12:13
"birjand,ir",Birjand,IR,32.8663,59.2211,73.87,16.0,0.0,16.11,2022-06-23 01:17:06
"fortuna,us",Fortuna,US,40.5982,-124.1573,66.92,75.0,0.0,1.99,2022-06-23 01:17:06
"ban dung,th",Ban Dung,TH,17.699,103.2596,83.1,99.0,100.0,4.88,2022-06-23 01:17:06
"la ronge,ca",La Ronge,CA,55.1001,-105.2842,66.45,55.0,75.0,6.91,2022-06-23 01:17:07
"goderich,ca",Goderich,CA,43.7501,-81.7165,65.91,76.0,0.0,13.78,2022-06-23 01:17:07
"cherskiy,ru",Cherskiy,RU,68.75,161.3,57.51,60.0,100.0,10.42,2022-06-23 01:17:07
"cao bang,vn",Cao Bang,VN,22.6667,106.25,80.91,85.0,98.0,5.39,2022-06-23 01:13:22
"wuwei,cn",Wuwei,CN,37.9281,102.6414,77.47,34.0,1.0,3.04,2022-06-23 01:16:24
